id,status,ticker,direction,contract_symbol,expiry,filled_at,closed_at,playbook,record_class,backfill_audit_id,proof_class,ticker_bucket,pnl_pct,pnl_field,entry_execution_price,entry_execution_basis,exit_execution_price,exit_execution_basis,last_recommendation,last_recommendation_reason,review_count,first_negative_reviewed_at,has_executable_sell_review,best_executable_net_pnl_pct,scan_date,ev_pct,direction_score,quality_score,tech_score,ret5,rsi14,spy_ret5,debit_pct_of_width,root_cause_hint
26,closed,JPM,call,JPM260522C00305000,2026-05-22,2026-04-15T11:00:26.233454-06:00,2026-05-10T17:29:09.587775-06:00,legacy_unlabeled,legacy_or_unknown_tracked,,,,-44.7796,net_pnl_pct,6.5614,manual_fill,3.634,spread_bid_ask,SELL,"Time exit reached after 25 calendar day(s), versus a 20-day limit.",3017,2026-04-15T17:42:17.151285-06:00,True,45.3806,,32.3,80.6,97.1,66.9,4.61,54.4,3.04,,
36,closed,DIA,call,DIA260515C00500000,2026-05-15,2026-04-17T11:00:05.066197-06:00,2026-05-10T17:29:07.195109-06:00,legacy_unlabeled,legacy_or_unknown_tracked,,,,-73.0805,net_pnl_pct,5.9613,manual_fill,1.61,spread_bid_ask,SELL,"Time exit reached after 23 calendar day(s), versus a 14-day limit.",2403,2026-04-17T11:00:25.609669-06:00,True,-22.0053,,38.3,73.7,64.0,75.2,0.77,59.8,4.79,29.8,
39,closed,DIA,call,DIA260515C00495000,2026-05-15,2026-04-20T11:00:08.622712-06:00,2026-05-10T17:29:06.338694-06:00,legacy_unlabeled,legacy_or_unknown_tracked,,,,-42.9751,net_pnl_pct,6.5066,manual_fill,3.7215,spread_bid_ask,SELL,"Time exit reached after 20 calendar day(s), versus a 14-day limit.",2400,2026-04-20T11:00:33.681601-06:00,True,3.0492,,45.9,77.8,62.0,69.6,3.17,65.4,3.13,32.5,
42,closed,JPM,call,JPM260515C00315000,2026-05-15,2026-04-21T11:00:12.465860-06:00,2026-05-10T17:29:05.015492-06:00,legacy_unlabeled,legacy_or_unknown_tracked,,,,-91.8196,net_pnl_pct,5.2003,manual_fill,0.427,spread_bid_ask,SELL,"Time exit reached after 19 calendar day(s), versus a 14-day limit.",2399,2026-04-21T11:00:35.230613-06:00,True,-3.5248,,22.9,76.3,96.6,90.7,1.06,64.3,1.64,34.7,
44,closed,JPM,call,JPM260522C00315000,2026-05-22,2026-04-22T11:00:02.703056-06:00,2026-05-10T17:29:04.629719-06:00,legacy_unlabeled,legacy_or_unknown_tracked,,,,-80.098,net_pnl_pct,4.4298,live_comparable_spread_mid,0.8855,spread_bid_ask,SELL,"Time exit reached after 18 calendar day(s), versus a 14-day limit.",2372,2026-04-23T08:10:10.340082-06:00,True,12.5333,,5.2,67.1,92.4,79.8,0.6,62.7,1.28,29.5,
52,closed,MSFT,call,MSFT260529C00420000,2026-05-29,2026-04-24T08:10:00-06:00,2026-05-13T13:55:00-06:00,bullish_pullback_observation,main_zero_pick_research_backfill,main_lane_zero_pick_current_algo_v1,ineligible,research-only/data-needed,-76.7197,net_pnl_pct,15.18,spread_ask_bid,3.54,historical_spread_bid_ask,SELL,historical_backfill_time_exit_elapsed,0,,False,,2026-04-24,54.49,94.2,64.1,53.7563,-1.0731,81.2437,0.9677,37.95,bullish_pullback_ticker_bucket_not_keep
53,closed,COIN,call,COIN260529C00220000,2026-05-29,2026-04-24T08:10:00-06:00,2026-05-13T13:55:00-06:00,bullish_pullback_observation,main_zero_pick_research_backfill,main_lane_zero_pick_current_algo_v1,ineligible,remove,-61.1832,net_pnl_pct,7.445,spread_ask_bid,2.9,historical_spread_bid_ask,SELL,historical_backfill_time_exit_elapsed,0,,False,,2026-04-24,52.97,92.6,79.0,78.322,-0.9483,56.678,0.9677,37.225,bullish_pullback_ticker_bucket_not_keep
56,closed,DIA,call,DIA260529C00494000,2026-05-29,2026-04-27T08:10:00-06:00,2026-05-15T13:55:00-06:00,bullish_pullback_observation,main_zero_pick_research_backfill,main_lane_zero_pick_current_algo_v1,ineligible,move-to-different-lane,-22.8591,net_pnl_pct,7.9205,spread_ask_bid,6.13,historical_spread_bid_ask,SELL,historical_backfill_time_exit_elapsed,0,,False,,2026-04-27,58.24,71.2,60.7,65.5566,-0.4067,69.4434,0.5351,37.7167,bullish_pullback_ticker_bucket_not_keep
57,closed,JPM,call,JPM260605C00320000,2026-06-05,2026-04-28T08:10:00-06:00,2026-05-15T13:55:00-06:00,bullish_pullback_observation,main_zero_pick_research_backfill,main_lane_zero_pick_current_algo_v1,ineligible,remove,-97.4635,net_pnl_pct,7.4645,spread_ask_bid,0.19,historical_spread_bid_ask,SELL,Historical executable exit hit the stop loss at -97.5%.,0,,False,,2026-04-28,54.68,94.4,73.1,85.64,-1.6909,56.86,0.9101,37.3225,bullish_pullback_ticker_bucket_not_keep
58,closed,MSTR,call,MSTR260529C00170000,2026-05-29,2026-04-28T08:10:00-06:00,2026-05-15T13:55:00-06:00,bullish_pullback_observation,main_zero_pick_research_backfill,main_lane_zero_pick_current_algo_v1,ineligible,research-only/data-needed,-14.0716,net_pnl_pct,7.2475,spread_ask_bid,6.25,historical_spread_bid_ask,SELL,historical_backfill_time_exit_elapsed,0,,False,,2026-04-28,52.875,92.5,68.0,90.7358,-0.9426,64.2642,0.9101,48.3167,bullish_pullback_ticker_bucket_not_keep
60,closed,DIA,call,DIA260529C00496000,2026-05-29,2026-04-28T08:10:00-06:00,2026-05-15T13:55:00-06:00,bullish_pullback_observation,main_zero_pick_research_backfill,main_lane_zero_pick_current_algo_v1,ineligible,move-to-different-lane,-27.487,net_pnl_pct,7.1865,spread_ask_bid,5.23,historical_spread_bid_ask,SELL,historical_backfill_time_exit_elapsed,0,,False,,2026-04-28,67.085,77.3,60.7,49.593,-0.5057,72.907,0.9101,29.9438,bullish_pullback_ticker_bucket_not_keep
61,closed,BAC,call,BAC260529C00053000,2026-05-29,2026-04-29T08:10:00-06:00,2026-05-13T13:55:00-06:00,bullish_pullback_observation,main_zero_pick_research_backfill,main_lane_zero_pick_current_algo_v1,ineligible,remove,-100.0,net_pnl_pct,1.074,spread_ask_bid,0.0,historical_spread_bid_ask,SELL,Historical executable exit hit the stop loss at -100.0%.,0,,False,,2026-04-29,57.53,97.4,79.0,81.6153,-1.5333,60.8847,1.0808,35.8,bullish_pullback_ticker_bucket_not_keep
62,closed,COIN,call,COIN260529C00195000,2026-05-29,2026-04-29T08:10:00-06:00,2026-05-15T13:55:00-06:00,bullish_pullback_observation,main_zero_pick_research_backfill,main_lane_zero_pick_current_algo_v1,ineligible,remove,-21.6731,net_pnl_pct,6.3575,spread_ask_bid,5.0,historical_spread_bid_ask,SELL,historical_backfill_time_exit_elapsed,0,,False,,2026-04-29,51.165,90.7,80.7,67.4268,-0.9441,54.9268,1.0808,42.3833,bullish_pullback_ticker_bucket_not_keep
64,closed,DIA,call,DIA260529C00494000,2026-05-29,2026-04-29T08:10:00-06:00,2026-05-15T13:55:00-06:00,bullish_pullback_observation,main_zero_pick_research_backfill,main_lane_zero_pick_current_algo_v1,ineligible,move-to-different-lane,-8.9289,net_pnl_pct,6.145,spread_ask_bid,5.62,historical_spread_bid_ask,SELL,historical_backfill_time_exit_elapsed,0,,False,,2026-04-29,56.5,70.0,60.7,68.5535,0.0122,73.9465,1.0808,38.4062,bullish_pullback_ticker_bucket_not_keep
69,closed,DIA,call,DIA260529C00493000,2026-05-29,2026-04-30T08:10:00-06:00,2026-05-18T13:55:00-06:00,bullish_pullback_observation,main_zero_pick_research_backfill,main_lane_zero_pick_current_algo_v1,ineligible,move-to-different-lane,-14.921,net_pnl_pct,7.755,spread_ask_bid,6.62,historical_spread_bid_ask,SELL,historical_backfill_time_exit_elapsed,0,,False,,2026-04-30,56.5,70.0,60.4,73.1747,-1.2309,69.3253,0.052,45.6176,bullish_pullback_ticker_bucket_not_keep
70,closed,BA,call,BA260605C00235000,2026-06-05,2026-05-01T08:10:00-06:00,2026-05-19T13:55:00-06:00,bullish_pullback_observation,main_zero_pick_research_backfill,main_lane_zero_pick_current_algo_v1,ineligible,research-only/data-needed,-91.7706,net_pnl_pct,7.751,spread_ask_bid,0.64,historical_spread_bid_ask,SELL,Historical executable exit hit the stop loss at -91.7%.,0,,False,,2026-05-01,51.165,90.7,62.5,86.476,-2.1866,53.976,1.4412,38.755,bullish_pullback_ticker_bucket_not_keep
71,closed,MSFT,call,MSFT260605C00420000,2026-06-05,2026-05-01T08:10:00-06:00,2026-05-20T13:55:00-06:00,bullish_pullback_observation,main_zero_pick_research_backfill,main_lane_zero_pick_current_algo_v1,ineligible,research-only/data-needed,-5.8634,net_pnl_pct,9.917,spread_ask_bid,9.36,historical_spread_bid_ask,SELL,historical_backfill_time_exit_elapsed,0,,False,,2026-05-01,47.365,86.7,62.5,85.1464,-1.917,52.6464,1.4412,24.7925,bullish_pullback_ticker_bucket_not_keep
72,closed,BA,call,BA260605C00230000,2026-06-05,2026-05-04T08:10:00-06:00,2026-05-22T13:55:00-06:00,bullish_pullback_observation,main_zero_pick_research_backfill,main_lane_zero_pick_current_algo_v1,ineligible,research-only/data-needed,-82.4062,net_pnl_pct,7.704,spread_ask_bid,1.36,historical_spread_bid_ask,SELL,historical_backfill_time_exit_elapsed,0,,False,,2026-05-04,49.455,88.9,64.1,86.1382,-2.1769,53.6382,0.9399,38.52,bullish_pullback_ticker_bucket_not_keep
73,closed,MSFT,call,MSFT260605C00415000,2026-06-05,2026-05-04T08:10:00-06:00,2026-05-22T13:55:00-06:00,bullish_pullback_observation,main_zero_pick_research_backfill,main_lane_zero_pick_current_algo_v1,ineligible,research-only/data-needed,-27.4056,net_pnl_pct,12.84,spread_ask_bid,9.34,historical_spread_bid_ask,SELL,historical_backfill_time_exit_elapsed,0,,False,,2026-05-04,47.365,86.7,62.3,75.0452,-2.3974,42.5452,0.9399,32.1,bullish_pullback_ticker_bucket_not_keep
74,closed,MSFT,call,MSFT260605C00420000,2026-06-05,2026-05-05T08:10:00-06:00,2026-05-22T13:55:00-06:00,bullish_pullback_observation,main_zero_pick_research_backfill,main_lane_zero_pick_current_algo_v1,ineligible,research-only/data-needed,-24.5765,net_pnl_pct,9.361,spread_ask_bid,7.08,historical_spread_bid_ask,SELL,historical_backfill_time_exit_elapsed,0,,False,,2026-05-05,43.185,82.3,62.5,72.8839,-2.6364,40.3839,0.3971,23.4025,bullish_pullback_ticker_bucket_not_keep
75,closed,C,call,C260605C00128000,2026-06-05,2026-05-05T08:10:00-06:00,2026-05-22T13:55:00-06:00,bullish_pullback_observation,main_zero_pick_research_backfill,main_lane_zero_pick_current_algo_v1,ineligible,remove,-77.7993,net_pnl_pct,4.6135,spread_ask_bid,1.03,historical_spread_bid_ask,SELL,historical_backfill_time_exit_elapsed,0,,False,,2026-05-05,39.1,78.0,65.8,62.5591,-2.718,59.9409,0.3971,38.4458,bullish_pullback_ticker_bucket_not_keep
84,closed,MSTR,call,MSTR260618C00192000,2026-06-18,2026-05-13T08:10:00-06:00,2026-05-30T23:49:57.610933-06:00,bullish_pullback_observation,main_zero_pick_research_backfill,main_lane_zero_pick_current_algo_v1,ineligible,research-only/data-needed,-88.3055,net_pnl_pct,6.0025,spread_ask_bid,0.705,spread_bid_ask,SELL,auto_sell_recommendation,5,2026-05-30T23:30:07.848742-06:00,True,-88.3055,2026-05-13,57.815,97.7,67.9,74.4236,-1.3269,68.0764,1.991,33.3472,bullish_pullback_ticker_bucket_not_keep
87,open,AMZN,call,AMZN260618C00270000,2026-06-18,2026-05-14T08:10:00-06:00,,bullish_pullback_observation,main_zero_pick_research_backfill,main_lane_zero_pick_current_algo_v1,ineligible,move-to-different-lane,-25.96,net_pnl_pct,8.281,spread_ask_bid,6.1505,spread_bid_ask,HOLD,"Position remains inside the stop, target, and exit rules.",7,2026-05-30T23:30:05.346479-06:00,False,-25.96,2026-05-14,56.58,96.4,84.5,86.6613,-1.7673,55.8387,1.1556,33.124,bullish_pullback_ticker_bucket_not_keep
88,open,SBUX,call,SBUX260618C00110000,2026-06-18,2026-05-14T08:10:00-06:00,,bullish_pullback_observation,main_zero_pick_research_backfill,main_lane_zero_pick_current_algo_v1,ineligible,research-only/data-needed,-100.0,net_pnl_pct,2.597,spread_ask_bid,,spread_bid_ask,SELL,Live executable exit hit the risk stop at -100.0% (configured 90.0% stop capped at 50.0% for live review).,8,2026-05-30T23:30:05.192312-06:00,True,-100.0,2026-05-14,45.18,84.4,69.5,73.1044,-0.4604,69.3956,1.1556,25.97,bullish_pullback_ticker_bucket_not_keep
92,open,AMZN,call,AMZN260618C00265000,2026-06-18,2026-05-15T08:10:00-06:00,,bullish_pullback_observation,main_zero_pick_research_backfill,main_lane_zero_pick_current_algo_v1,ineligible,move-to-different-lane,-0.4325,net_pnl_pct,7.257,spread_ask_bid,7.2515,spread_bid_ask,HOLD,"Position remains inside the stop, target, and exit rules.",7,2026-05-30T23:29:58.686248-06:00,False,-0.4325,2026-05-15,54.015,93.7,81.8,85.1981,-1.4567,52.6981,2.2677,36.285,bullish_pullback_ticker_bucket_not_keep
93,closed,GOOGL,call,GOOGL260618C00402500,2026-06-18,2026-05-18T08:10:00-06:00,2026-05-30T23:49:47.135735-06:00,bullish_pullback_observation,main_zero_pick_research_backfill,main_lane_zero_pick_current_algo_v1,ineligible,keep-in-current-lane,-83.6131,net_pnl_pct,15.52,spread_ask_bid,2.5475,spread_bid_ask,SELL,auto_sell_recommendation,5,2026-05-30T23:29:57.643920-06:00,True,-83.6131,2026-05-18,53.635,93.3,58.4,66.8623,-1.003,75.6377,0.2101,41.3867,research_backfill_not_live_proof
101,closed,UNH,call,UNH260618C00392500,2026-06-18,2026-05-20T08:10:00-06:00,2026-05-30T23:49:42.951455-06:00,bullish_pullback_observation,main_zero_pick_research_backfill,main_lane_zero_pick_current_algo_v1,ineligible,keep-in-current-lane,-63.125,net_pnl_pct,9.6445,spread_ask_bid,3.566,spread_bid_ask,SELL,auto_sell_recommendation,8,2026-05-30T23:29:49.604028-06:00,True,-63.125,2026-05-20,56.105,95.9,88.0,79.289,-1.8038,63.211,-0.6028,29.6754,research_backfill_not_live_proof
103,open,QQQ,call,QQQ260626C00710000,2026-06-26,2026-05-20T08:10:00-06:00,,bullish_pullback_observation,main_zero_pick_research_backfill,main_lane_zero_pick_current_algo_v1,ineligible,move-to-different-lane,-10.7169,net_pnl_pct,10.3455,spread_ask_bid,9.26,spread_bid_ask,HOLD,"Position remains inside the stop, target, and exit rules.",10,2026-05-30T23:29:47.528920-06:00,False,-10.7169,2026-05-20,86.37,90.6,71.2,78.5661,-0.8074,63.9339,-0.6028,51.7275,bullish_pullback_ticker_bucket_not_keep
106,open,QQQ,call,QQQ260626C00722000,2026-06-26,2026-05-22T08:10:00-06:00,,bullish_pullback_observation,main_zero_pick_research_backfill,main_lane_zero_pick_current_algo_v1,ineligible,move-to-different-lane,-9.7228,net_pnl_pct,10.074,spread_ask_bid,9.118,spread_bid_ask,HOLD,"Position remains inside the stop, target, and exit rules.",10,2026-05-30T23:29:44.977658-06:00,False,-9.7228,2026-05-22,85.065,89.7,75.8,75.3994,-0.7335,67.1006,-0.7284,47.9714,bullish_pullback_ticker_bucket_not_keep
108,open,AMD,call,AMD260626C00500000,2026-06-26,2026-05-22T08:10:00-06:00,,bullish_pullback_observation,main_zero_pick_research_backfill,main_lane_zero_pick_current_algo_v1,ineligible,research-only/data-needed,-7.0905,net_pnl_pct,14.9025,spread_ask_bid,13.87,spread_bid_ask,HOLD,"Position remains inside the stop, target, and exit rules.",10,2026-05-30T23:29:39.997401-06:00,False,-7.0905,2026-05-22,41.095,80.1,56.4,74.2349,-0.0245,68.2651,-0.7284,33.1167,bullish_pullback_ticker_bucket_not_keep
109,closed,GOOGL,call,GOOGL260626C00395000,2026-06-26,2026-05-22T08:10:00-06:00,2026-05-30T23:49:37.276586-06:00,bullish_pullback_observation,main_zero_pick_research_backfill,main_lane_zero_pick_current_algo_v1,ineligible,keep-in-current-lane,-54.2662,net_pnl_pct,9.2505,spread_ask_bid,4.2425,spread_bid_ask,SELL,auto_sell_recommendation,8,2026-05-30T23:29:37.834967-06:00,True,-54.2662,2026-05-22,36.345,75.1,57.6,85.6028,-3.3436,53.1028,-0.7284,26.43,research_backfill_not_live_proof
117,open,SPY,call,SPY260618C00751000,2026-06-18,2026-05-13T08:10:00-06:00,,tracked_winner_primary,all_lanes_zero_pick_research_backfill,all_lanes_zero_pick_current_algo_v1,ineligible,,-8.9193,net_pnl_pct,4.795,spread_ask_bid,4.391,spread_bid_ask,HOLD,"Position remains inside the stop, target, and exit rules.",1,2026-05-31T13:09:33.884979-06:00,False,-8.9193,2026-05-13,56.355,69.9,69.6,85.3365,1.991,69.6635,1.991,39.9583,research_backfill_not_live_proof
119,open,GOOGL,call,GOOGL260618C00405000,2026-06-18,2026-05-14T08:10:00-06:00,,tracked_winner_primary,all_lanes_zero_pick_research_backfill,all_lanes_zero_pick_current_algo_v1,ineligible,,-81.9462,net_pnl_pct,10.98,spread_ask_bid,1.987,spread_bid_ask,HOLD,"Position remains inside the stop, target, and exit rules.",1,2026-05-31T13:09:32.269802-06:00,False,-81.9462,2026-05-14,23.235,61.3,58.4,80.7883,1.1506,74.2117,1.1556,31.3714,research_backfill_not_live_proof
123,open,GOOGL,call,GOOGL260618C00405000,2026-06-18,2026-05-15T08:10:00-06:00,,tracked_winner_primary,all_lanes_zero_pick_research_backfill,all_lanes_zero_pick_current_algo_v1,ineligible,,-82.6818,net_pnl_pct,11.4475,spread_ask_bid,1.987,spread_bid_ask,HOLD,"Position remains inside the stop, target, and exit rules.",1,2026-05-31T13:09:31.941925-06:00,False,-82.6818,2026-05-15,22.475,60.5,58.5,69.5172,0.7739,72.9828,2.2677,32.7071,research_backfill_not_live_proof
126,closed,AA,call,AA260417C00074000,2026-04-17,2026-04-09T08:10:00-06:00,2026-04-13T13:55:00-06:00,short_term,all_lanes_zero_pick_research_backfill,all_lanes_zero_pick_current_algo_v1,ineligible,,-52.1616,net_pnl_pct,3.3395,spread_ask_bid,1.61,historical_spread_bid_ask,SELL,historical_backfill_time_exit_elapsed,0,,False,,2026-04-09,56.2,96.0,56.1,92.6474,8.1863,62.3526,3.9472,47.7071,research_backfill_not_live_proof
135,closed,NFLX,call,NFLX260424C00103000,2026-04-24,2026-04-14T08:10:00-06:00,2026-04-17T13:55:00-06:00,short_term,all_lanes_zero_pick_research_backfill,all_lanes_zero_pick_current_algo_v1,ineligible,,-94.4869,net_pnl_pct,2.332,spread_ask_bid,0.13,historical_spread_bid_ask,SELL,Historical executable exit hit the stop loss at -94.4%.,0,,False,,2026-04-14,54.3,94.0,75.6,92.9787,4.2758,62.0213,4.1234,58.3,research_backfill_not_live_proof
142,closed,AMZN,call,AMZN260422C00250000,2026-04-22,2026-04-15T08:10:00-06:00,2026-04-20T13:55:00-06:00,short_term,all_lanes_zero_pick_research_backfill,all_lanes_zero_pick_current_algo_v1,ineligible,,-60.893,net_pnl_pct,3.4005,spread_ask_bid,1.34,historical_spread_bid_ask,SELL,historical_backfill_time_exit_elapsed,0,,False,,2026-04-15,59.145,99.1,58.8,98.2822,16.4897,53.2822,5.3457,27.204,research_backfill_not_live_proof
143,closed,NFLX,call,NFLX260417C00106000,2026-04-17,2026-04-15T08:10:00-06:00,2026-04-16T13:55:00-06:00,short_term,all_lanes_zero_pick_research_backfill,all_lanes_zero_pick_current_algo_v1,ineligible,,-30.9551,net_pnl_pct,1.2775,spread_ask_bid,0.9,historical_spread_bid_ask,SELL,historical_backfill_time_exit_elapsed,0,,False,,2026-04-15,57.53,97.4,73.5,95.3602,7.5491,59.6398,5.3457,63.875,research_backfill_not_live_proof
149,closed,AMZN,call,AMZN260424C00250000,2026-04-24,2026-04-16T08:10:00-06:00,2026-04-20T13:55:00-06:00,short_term,all_lanes_zero_pick_research_backfill,all_lanes_zero_pick_current_algo_v1,ineligible,,-4.6623,net_pnl_pct,2.3655,spread_ask_bid,2.28,historical_spread_bid_ask,SELL,historical_backfill_time_exit_elapsed,0,,False,,2026-04-16,59.05,99.0,58.6,98.2255,12.3164,53.2255,3.5399,18.924,research_backfill_not_live_proof
155,closed,AMZN,call,AMZN260424C00255000,2026-04-24,2026-04-17T08:10:00-06:00,2026-04-21T13:55:00-06:00,short_term,all_lanes_zero_pick_research_backfill,all_lanes_zero_pick_current_algo_v1,ineligible,,-65.0746,net_pnl_pct,3.324,spread_ask_bid,1.17,historical_spread_bid_ask,SELL,historical_backfill_time_exit_elapsed,0,,False,,2026-04-17,57.625,97.5,61.0,95.4049,6.8692,59.5951,3.199,26.592,research_backfill_not_live_proof
157,closed,SPY,call,SPY260424C00707000,2026-04-24,2026-04-17T08:10:00-06:00,2026-04-21T13:55:00-06:00,short_term,all_lanes_zero_pick_research_backfill,all_lanes_zero_pick_current_algo_v1,ineligible,,-44.7752,net_pnl_pct,6.692,spread_ask_bid,3.71,historical_spread_bid_ask,SELL,historical_backfill_time_exit_elapsed,0,,False,,2026-04-17,73.755,81.9,51.7,76.9632,3.199,51.9632,3.199,37.1778,research_backfill_not_live_proof
158,closed,QQQ,call,QQQ260423C00646000,2026-04-23,2026-04-17T08:10:00-06:00,2026-04-20T13:55:00-06:00,short_term,all_lanes_zero_pick_research_backfill,all_lanes_zero_pick_current_algo_v1,ineligible,,-19.8339,net_pnl_pct,6.236,spread_ask_bid,5.02,historical_spread_bid_ask,SELL,historical_backfill_time_exit_elapsed,0,,False,,2026-04-17,73.755,81.9,51.7,67.2123,4.9624,42.2123,3.199,32.8211,research_backfill_not_live_proof
159,closed,XLK,call,XLK260424C00154000,2026-04-24,2026-04-17T08:10:00-06:00,2026-04-21T13:55:00-06:00,short_term,all_lanes_zero_pick_research_backfill,all_lanes_zero_pick_current_algo_v1,ineligible,,-27.8304,net_pnl_pct,2.191,spread_ask_bid,1.6,historical_spread_bid_ask,SELL,historical_backfill_time_exit_elapsed,0,,False,,2026-04-17,72.16,80.8,56.7,65.1739,7.0036,40.1739,3.199,36.5167,research_backfill_not_live_proof
161,closed,DIA,call,DIA260424C00491000,2026-04-24,2026-04-17T08:10:00-06:00,2026-04-21T13:55:00-06:00,short_term,all_lanes_zero_pick_research_backfill,all_lanes_zero_pick_current_algo_v1,ineligible,,-39.5781,net_pnl_pct,5.568,spread_ask_bid,3.38,historical_spread_bid_ask,SELL,historical_backfill_time_exit_elapsed,0,,False,,2026-04-17,60.125,72.5,52.3,72.9794,0.774,62.0206,3.199,46.4,research_backfill_not_live_proof
164,closed,IWM,call,IWM260427C00275000,2026-04-27,2026-04-20T08:10:00-06:00,2026-04-24T13:55:00-06:00,short_term,all_lanes_zero_pick_research_backfill,all_lanes_zero_pick_current_algo_v1,ineligible,,-30.4141,net_pnl_pct,3.7535,spread_ask_bid,2.63,historical_spread_bid_ask,SELL,historical_backfill_time_exit_elapsed,0,,False,,2026-04-20,79.99,86.2,51.3,74.8954,5.5415,49.8954,4.5154,41.7056,research_backfill_not_live_proof
165,closed,SPY,call,SPY260427C00710000,2026-04-27,2026-04-20T08:10:00-06:00,2026-04-24T13:55:00-06:00,short_term,all_lanes_zero_pick_research_backfill,all_lanes_zero_pick_current_algo_v1,ineligible,,-3.5276,net_pnl_pct,5.7995,spread_ask_bid,5.62,historical_spread_bid_ask,SELL,historical_backfill_time_exit_elapsed,0,,False,,2026-04-20,79.12,85.6,51.2,76.4996,4.5154,58.5004,4.5154,32.2194,research_backfill_not_live_proof
168,closed,DIA,call,DIA260424C00494000,2026-04-24,2026-04-20T08:10:00-06:00,2026-04-22T13:55:00-06:00,short_term,all_lanes_zero_pick_research_backfill,all_lanes_zero_pick_current_algo_v1,ineligible,,-34.3434,net_pnl_pct,3.736,spread_ask_bid,2.47,historical_spread_bid_ask,SELL,historical_backfill_time_exit_elapsed,0,,False,,2026-04-20,69.405,78.9,52.1,71.8805,3.1236,63.1195,4.5154,41.5111,research_backfill_not_live_proof
171,closed,IWM,call,IWM260429C00279000,2026-04-29,2026-04-21T08:10:00-06:00,2026-04-27T13:55:00-06:00,short_term,all_lanes_zero_pick_research_backfill,all_lanes_zero_pick_current_algo_v1,ineligible,,-76.6128,net_pnl_pct,3.7795,spread_ask_bid,0.89,historical_spread_bid_ask,SELL,historical_backfill_time_exit_elapsed,0,,False,,2026-04-21,78.685,85.3,53.2,75.337,4.6327,59.663,3.2969,41.9944,research_backfill_not_live_proof
173,closed,XLK,call,XLK260424C00155000,2026-04-24,2026-04-21T08:10:00-06:00,2026-04-23T13:55:00-06:00,short_term,all_lanes_zero_pick_research_backfill,all_lanes_zero_pick_current_algo_v1,ineligible,,-84.8311,net_pnl_pct,2.1495,spread_ask_bid,0.33,historical_spread_bid_ask,SELL,historical_backfill_time_exit_elapsed,0,,False,,2026-04-21,76.945,84.1,59.7,71.047,6.1466,46.047,3.2969,53.7375,research_backfill_not_live_proof
175,closed,SLB,call,SLB260501C00054000,2026-05-01,2026-04-22T08:10:00-06:00,2026-04-27T13:55:00-06:00,short_term,all_lanes_zero_pick_research_backfill,all_lanes_zero_pick_current_algo_v1,ineligible,,-18.0025,net_pnl_pct,1.596,spread_ask_bid,1.33,historical_spread_bid_ask,SELL,historical_backfill_time_exit_elapsed,0,,False,,2026-04-22,43.945,83.1,53.8,97.5736,2.4859,57.4264,1.3852,53.2,research_backfill_not_live_proof
177,closed,SLB,call,SLB260501C00055000,2026-05-01,2026-04-23T08:10:00-06:00,2026-04-27T13:55:00-06:00,short_term,all_lanes_zero_pick_research_backfill,all_lanes_zero_pick_current_algo_v1,ineligible,,-30.6237,net_pnl_pct,1.401,spread_ask_bid,0.99,historical_spread_bid_ask,SELL,historical_backfill_time_exit_elapsed,0,,False,,2026-04-23,48.79,88.2,53.2,98.3183,3.6818,53.3183,1.6101,46.7,research_backfill_not_live_proof
179,closed,IWM,call,IWM260430C00277000,2026-04-30,2026-04-23T08:10:00-06:00,2026-04-27T13:55:00-06:00,short_term,all_lanes_zero_pick_research_backfill,all_lanes_zero_pick_current_algo_v1,ineligible,,-31.6056,net_pnl_pct,3.2345,spread_ask_bid,2.23,historical_spread_bid_ask,SELL,historical_backfill_time_exit_elapsed,0,,False,,2026-04-23,76.655,83.9,52.6,96.1684,2.6319,58.8316,1.6101,35.9389,research_backfill_not_live_proof
181,closed,XLK,call,XLK260501C00157000,2026-05-01,2026-04-23T08:10:00-06:00,2026-04-27T13:55:00-06:00,short_term,all_lanes_zero_pick_research_backfill,all_lanes_zero_pick_current_algo_v1,ineligible,,-9.5117,net_pnl_pct,3.3225,spread_ask_bid,3.03,historical_spread_bid_ask,SELL,historical_backfill_time_exit_elapsed,0,,False,,2026-04-23,40.26,58.8,58.8,65.0,5.183,100.0,1.6101,55.375,research_backfill_not_live_proof
182,closed,SLB,call,SLB260501C00055000,2026-05-01,2026-04-24T08:10:00-06:00,2026-04-28T13:55:00-06:00,short_term,all_lanes_zero_pick_research_backfill,all_lanes_zero_pick_current_algo_v1,ineligible,,-25.0814,net_pnl_pct,1.202,spread_ask_bid,0.92,historical_spread_bid_ask,SELL,historical_backfill_time_exit_elapsed,0,,False,,2026-04-24,46.985,86.3,53.0,93.5692,5.8187,61.4308,0.9677,40.0667,research_backfill_not_live_proof
183,closed,MSTR,call,MSTR260501C00177500,2026-05-01,2026-04-24T08:10:00-06:00,2026-04-28T13:55:00-06:00,short_term,all_lanes_zero_pick_research_backfill,all_lanes_zero_pick_current_algo_v1,ineligible,,-75.7957,net_pnl_pct,4.1055,spread_ask_bid,1.0,historical_spread_bid_ask,SELL,historical_backfill_time_exit_elapsed,0,,False,,2026-04-24,42.71,81.8,60.5,88.1248,15.7983,66.8752,0.9677,23.46,research_backfill_not_live_proof
184,closed,IWM,call,IWM260501C00277000,2026-05-01,2026-04-24T08:10:00-06:00,2026-04-28T13:55:00-06:00,short_term,all_lanes_zero_pick_research_backfill,all_lanes_zero_pick_current_algo_v1,ineligible,,-63.8464,net_pnl_pct,2.657,spread_ask_bid,0.97,historical_spread_bid_ask,SELL,historical_backfill_time_exit_elapsed,0,,False,,2026-04-24,69.26,78.8,52.3,95.8401,2.0633,59.1599,0.9677,29.5222,research_backfill_not_live_proof
185,closed,SLB,call,SLB260508C00056000,2026-05-08,2026-04-27T08:10:00-06:00,2026-05-04T13:55:00-06:00,short_term,all_lanes_zero_pick_research_backfill,all_lanes_zero_pick_current_algo_v1,ineligible,,-50.8086,net_pnl_pct,1.458,spread_ask_bid,0.73,historical_spread_bid_ask,SELL,historical_backfill_time_exit_elapsed,0,,False,,2026-04-27,45.56,84.8,62.9,94.759,6.6274,60.241,0.5351,36.45,research_backfill_not_live_proof
186,closed,NVDA,call,NVDA260504C00210000,2026-05-04,2026-04-27T08:10:00-06:00,2026-04-30T13:55:00-06:00,short_term,all_lanes_zero_pick_research_backfill,all_lanes_zero_pick_current_algo_v1,ineligible,,-92.2869,net_pnl_pct,3.8635,spread_ask_bid,0.3,historical_spread_bid_ask,SELL,Historical executable exit hit the stop loss at -92.2%.,0,,False,,2026-04-27,41.95,81.0,67.5,97.2989,3.2676,57.7011,0.5351,38.635,research_backfill_not_live_proof
187,closed,XLK,call,XLK260501C00160000,2026-05-01,2026-04-27T08:10:00-06:00,2026-04-29T13:55:00-06:00,short_term,all_lanes_zero_pick_research_backfill,all_lanes_zero_pick_current_algo_v1,ineligible,,-48.7721,net_pnl_pct,1.8675,spread_ask_bid,0.97,historical_spread_bid_ask,SELL,historical_backfill_time_exit_elapsed,0,,False,,2026-04-27,67.375,77.5,55.9,88.038,3.803,43.038,0.5351,37.35,research_backfill_not_live_proof
188,closed,IWM,call,IWM260505C00277000,2026-05-05,2026-04-27T08:10:00-06:00,2026-05-01T13:55:00-06:00,short_term,all_lanes_zero_pick_research_backfill,all_lanes_zero_pick_current_algo_v1,ineligible,,-8.3926,net_pnl_pct,3.489,spread_ask_bid,3.22,historical_spread_bid_ask,SELL,historical_backfill_time_exit_elapsed,0,,False,,2026-04-27,54.76,68.8,56.6,91.3058,0.3155,63.6942,0.5351,38.7667,research_backfill_not_live_proof
190,closed,SLB,call,SLB260508C00056000,2026-05-08,2026-04-28T08:10:00-06:00,2026-05-04T13:55:00-06:00,short_term,all_lanes_zero_pick_research_backfill,all_lanes_zero_pick_current_algo_v1,ineligible,,-56.507,net_pnl_pct,1.4455,spread_ask_bid,0.64,historical_spread_bid_ask,SELL,historical_backfill_time_exit_elapsed,0,,False,,2026-04-28,45.655,84.9,62.4,91.6124,5.8046,63.3876,0.9101,48.1833,research_backfill_not_live_proof
191,closed,NVDA,call,NVDA260504C00210000,2026-05-04,2026-04-28T08:10:00-06:00,2026-04-30T13:55:00-06:00,short_term,all_lanes_zero_pick_research_backfill,all_lanes_zero_pick_current_algo_v1,ineligible,,-93.9253,net_pnl_pct,4.9125,spread_ask_bid,0.3,historical_spread_bid_ask,SELL,Historical executable exit hit the stop loss at -93.9%.,0,,False,,2026-04-28,45.37,84.6,65.3,91.0337,7.2008,63.9663,0.9101,49.125,research_backfill_not_live_proof
192,closed,XLK,call,XLK260501C00157000,2026-05-01,2026-04-28T08:10:00-06:00,2026-04-30T13:55:00-06:00,short_term,all_lanes_zero_pick_research_backfill,all_lanes_zero_pick_current_algo_v1,ineligible,,-8.2272,net_pnl_pct,2.4475,spread_ask_bid,2.27,historical_spread_bid_ask,SELL,historical_backfill_time_exit_elapsed,0,,False,,2026-04-28,73.465,81.7,57.4,91.7601,3.8885,46.7601,0.9101,61.1875,research_backfill_not_live_proof
195,closed,SLB,call,SLB260508C00057000,2026-05-08,2026-04-29T08:10:00-06:00,2026-05-04T13:55:00-06:00,short_term,all_lanes_zero_pick_research_backfill,all_lanes_zero_pick_current_algo_v1,ineligible,,-59.0766,net_pnl_pct,0.927,spread_ask_bid,0.39,historical_spread_bid_ask,SELL,historical_backfill_time_exit_elapsed,0,,False,,2026-04-29,47.46,86.8,62.4,93.4236,5.4576,61.5764,1.0808,30.9,research_backfill_not_live_proof
196,closed,XLK,call,XLK260508C00159000,2026-05-08,2026-04-29T08:10:00-06:00,2026-05-04T13:55:00-06:00,short_term,all_lanes_zero_pick_research_backfill,all_lanes_zero_pick_current_algo_v1,ineligible,,-17.1069,net_pnl_pct,3.6655,spread_ask_bid,3.06,historical_spread_bid_ask,SELL,historical_backfill_time_exit_elapsed,0,,False,,2026-04-29,56.5,70.0,54.7,78.9678,2.0428,46.4678,1.0808,52.3643,research_backfill_not_live_proof
197,closed,AMD,call,AMD260508C00345000,2026-05-08,2026-04-30T08:10:00-06:00,2026-05-04T13:55:00-06:00,short_term,all_lanes_zero_pick_research_backfill,all_lanes_zero_pick_current_algo_v1,ineligible,,-30.5794,net_pnl_pct,13.0825,spread_ask_bid,9.1,historical_spread_bid_ask,SELL,historical_backfill_time_exit_elapsed,0,,False,,2026-04-30,45.085,84.3,61.8,98.7384,11.0888,53.7384,0.052,40.2538,research_backfill_not_live_proof
198,closed,SBUX,call,SBUX260508C00106000,2026-05-08,2026-04-30T08:10:00-06:00,2026-05-04T13:55:00-06:00,short_term,all_lanes_zero_pick_research_backfill,all_lanes_zero_pick_current_algo_v1,ineligible,,-59.6679,net_pnl_pct,1.66,spread_ask_bid,0.68,historical_spread_bid_ask,SELL,historical_backfill_time_exit_elapsed,0,,False,,2026-04-30,44.42,83.6,50.0,97.53,6.0088,57.47,0.052,23.7143,research_backfill_not_live_proof
201,closed,AMD,call,AMD260508C00355000,2026-05-08,2026-05-01T08:10:00-06:00,2026-05-05T13:55:00-06:00,short_term,all_lanes_zero_pick_research_backfill,all_lanes_zero_pick_current_algo_v1,ineligible,,-18.7259,net_pnl_pct,12.155,spread_ask_bid,9.9,historical_spread_bid_ask,SELL,historical_backfill_time_exit_elapsed,0,,False,,2026-05-01,52.305,91.9,61.3,99.4457,16.1006,55.5543,1.4412,37.4,research_backfill_not_live_proof
202,closed,SLB,call,SLB260515C00057000,2026-05-15,2026-05-01T08:10:00-06:00,2026-05-07T13:55:00-06:00,short_term,all_lanes_zero_pick_research_backfill,all_lanes_zero_pick_current_algo_v1,ineligible,,-96.3689,net_pnl_pct,1.351,spread_ask_bid,0.05,historical_spread_bid_ask,SELL,Historical executable exit hit the stop loss at -96.3%.,0,,False,,2026-05-01,49.17,88.6,63.5,99.2867,3.9094,55.7133,1.4412,33.775,research_backfill_not_live_proof
204,closed,IWM,call,IWM260507C00279000,2026-05-07,2026-05-01T08:10:00-06:00,2026-05-04T13:55:00-06:00,short_term,all_lanes_zero_pick_research_backfill,all_lanes_zero_pick_current_algo_v1,ineligible,,-31.4614,net_pnl_pct,2.2355,spread_ask_bid,1.55,historical_spread_bid_ask,SELL,historical_backfill_time_exit_elapsed,0,,False,,2026-05-01,69.55,79.0,54.8,98.4044,0.8892,53.4044,1.4412,27.9438,research_backfill_not_live_proof
205,closed,DIA,call,DIA260508C00499000,2026-05-08,2026-05-01T08:10:00-06:00,2026-05-04T13:55:00-06:00,short_term,all_lanes_zero_pick_research_backfill,all_lanes_zero_pick_current_algo_v1,ineligible,,-93.5596,net_pnl_pct,3.7005,spread_ask_bid,0.24,historical_spread_bid_ask,SELL,Historical executable exit hit the stop loss at -93.5%.,0,,False,,2026-05-01,60.415,72.7,52.3,87.7158,0.7404,67.2842,1.4412,33.6409,research_backfill_not_live_proof
206,closed,XLK,call,XLK260508C00161000,2026-05-08,2026-05-01T08:10:00-06:00,2026-05-05T13:55:00-06:00,short_term,all_lanes_zero_pick_research_backfill,all_lanes_zero_pick_current_algo_v1,ineligible,,-7.1099,net_pnl_pct,3.1175,spread_ask_bid,2.92,historical_spread_bid_ask,SELL,historical_backfill_time_exit_elapsed,0,,False,,2026-05-01,57.225,70.5,55.8,74.9658,2.3486,42.4658,1.4412,62.35,research_backfill_not_live_proof
207,closed,SPY,call,SPY260508C00722000,2026-05-08,2026-05-01T08:10:00-06:00,2026-05-05T13:55:00-06:00,short_term,all_lanes_zero_pick_research_backfill,all_lanes_zero_pick_current_algo_v1,ineligible,,-28.424,net_pnl_pct,6.5125,spread_ask_bid,4.68,historical_spread_bid_ask,SELL,historical_backfill_time_exit_elapsed,0,,False,,2026-05-01,37.795,57.1,52.3,82.8009,1.4412,72.1991,1.4412,38.3088,research_backfill_not_live_proof
209,closed,V,call,V260515C00330000,2026-05-15,2026-05-04T08:10:00-06:00,2026-05-11T13:55:00-06:00,short_term,all_lanes_zero_pick_research_backfill,all_lanes_zero_pick_current_algo_v1,ineligible,,-72.5312,net_pnl_pct,3.6145,spread_ask_bid,1.0,historical_spread_bid_ask,SELL,historical_backfill_time_exit_elapsed,0,,False,,2026-05-04,43.28,82.4,49.9,88.6754,6.0145,66.3246,0.9399,24.0967,research_backfill_not_live_proof
214,closed,MSTR,call,MSTR260508C00190000,2026-05-08,2026-05-05T08:10:00-06:00,2026-05-07T13:55:00-06:00,short_term,all_lanes_zero_pick_research_backfill,all_lanes_zero_pick_current_algo_v1,ineligible,,-92.1914,net_pnl_pct,3.944,spread_ask_bid,0.31,historical_spread_bid_ask,SELL,historical_backfill_time_exit_elapsed,0,,False,,2026-05-05,39.1,78.0,59.7,88.9002,8.6288,66.0998,0.3971,31.552,research_backfill_not_live_proof
215,closed,V,call,V260508C00325000,2026-05-08,2026-05-05T08:10:00-06:00,2026-05-07T13:55:00-06:00,short_term,all_lanes_zero_pick_research_backfill,all_lanes_zero_pick_current_algo_v1,ineligible,,-71.3823,net_pnl_pct,1.826,spread_ask_bid,0.53,historical_spread_bid_ask,SELL,historical_backfill_time_exit_elapsed,0,,False,,2026-05-05,37.485,76.3,49.7,87.6119,5.5547,67.3881,0.3971,18.26,research_backfill_not_live_proof
221,closed,IWM,call,IWM260513C00286000,2026-05-13,2026-05-06T08:10:00-06:00,2026-05-11T13:55:00-06:00,short_term,all_lanes_zero_pick_research_backfill,all_lanes_zero_pick_current_algo_v1,ineligible,,-38.4829,net_pnl_pct,2.136,spread_ask_bid,1.33,historical_spread_bid_ask,SELL,historical_backfill_time_exit_elapsed,0,,False,,2026-05-06,79.555,85.9,64.4,96.2563,3.158,51.2563,1.6974,26.7,research_backfill_not_live_proof
225,closed,DIA,call,DIA260515C00498000,2026-05-15,2026-05-06T08:10:00-06:00,2026-05-11T13:55:00-06:00,short_term,all_lanes_zero_pick_research_backfill,all_lanes_zero_pick_current_algo_v1,ineligible,,-43.8997,net_pnl_pct,4.0025,spread_ask_bid,2.26,historical_spread_bid_ask,SELL,historical_backfill_time_exit_elapsed,0,,False,,2026-05-06,37.36,56.8,53.1,73.4312,0.3134,69.0688,1.6974,33.3542,research_backfill_not_live_proof
227,closed,IWM,call,IWM260514C00288000,2026-05-14,2026-05-07T08:10:00-06:00,2026-05-11T13:55:00-06:00,short_term,all_lanes_zero_pick_research_backfill,all_lanes_zero_pick_current_algo_v1,ineligible,,-39.3939,net_pnl_pct,1.624,spread_ask_bid,1.0,historical_spread_bid_ask,SELL,historical_backfill_time_exit_elapsed,0,,False,,2026-05-07,99.275,99.5,62.6,99.0785,5.4102,55.9215,3.1268,20.3,research_backfill_not_live_proof
228,closed,DIS,call,DIS260515C00109000,2026-05-15,2026-05-07T08:10:00-06:00,2026-05-12T13:55:00-06:00,short_term,all_lanes_zero_pick_research_backfill,all_lanes_zero_pick_current_algo_v1,ineligible,,-99.5429,net_pnl_pct,2.1615,spread_ask_bid,0.01,historical_spread_bid_ask,SELL,Historical executable exit hit the stop loss at -99.5%.,0,,False,,2026-05-07,59.43,99.4,60.3,98.9297,6.6732,56.0703,3.1268,43.23,research_backfill_not_live_proof
232,closed,DIA,call,DIA260515C00501000,2026-05-15,2026-05-07T08:10:00-06:00,2026-05-11T13:55:00-06:00,short_term,all_lanes_zero_pick_research_backfill,all_lanes_zero_pick_current_algo_v1,ineligible,,-56.8112,net_pnl_pct,2.7525,spread_ask_bid,1.2,historical_spread_bid_ask,SELL,historical_backfill_time_exit_elapsed,0,,False,,2026-05-07,78.105,84.9,52.6,88.1827,2.1241,66.8173,3.1268,22.9375,research_backfill_not_live_proof
235,closed,XLK,call,XLK260515C00172000,2026-05-15,2026-05-08T08:10:00-06:00,2026-05-12T13:55:00-06:00,short_term,all_lanes_zero_pick_research_backfill,all_lanes_zero_pick_current_algo_v1,ineligible,,-50.177,net_pnl_pct,3.647,spread_ask_bid,1.83,historical_spread_bid_ask,SELL,historical_backfill_time_exit_elapsed,0,,False,,2026-05-08,82.165,87.7,57.1,88.5227,6.3887,43.5227,1.7978,60.7833,research_backfill_not_live_proof
236,closed,QQQ,call,QQQ260515C00701000,2026-05-15,2026-05-08T08:10:00-06:00,2026-05-12T13:55:00-06:00,short_term,all_lanes_zero_pick_research_backfill,all_lanes_zero_pick_current_algo_v1,ineligible,,-10.4592,net_pnl_pct,9.143,spread_ask_bid,8.21,historical_spread_bid_ask,SELL,historical_backfill_time_exit_elapsed,0,,False,,2026-05-08,62.88,74.4,53.6,83.9295,4.0734,71.0705,1.7978,48.1211,research_backfill_not_live_proof
237,closed,IWM,call,IWM260515C00284000,2026-05-15,2026-05-08T08:10:00-06:00,2026-05-12T13:55:00-06:00,short_term,all_lanes_zero_pick_research_backfill,all_lanes_zero_pick_current_algo_v1,ineligible,,-40.8793,net_pnl_pct,2.6465,spread_ask_bid,1.58,historical_spread_bid_ask,SELL,historical_backfill_time_exit_elapsed,0,,False,,2026-05-08,62.735,74.3,57.5,83.0195,1.5433,59.4805,1.7978,29.4056,research_backfill_not_live_proof
238,closed,SPY,call,SPY260515C00736000,2026-05-15,2026-05-08T08:10:00-06:00,2026-05-12T13:55:00-06:00,short_term,all_lanes_zero_pick_research_backfill,all_lanes_zero_pick_current_algo_v1,ineligible,,-12.4376,net_pnl_pct,5.787,spread_ask_bid,5.09,historical_spread_bid_ask,SELL,historical_backfill_time_exit_elapsed,0,,False,,2026-05-08,53.745,68.1,52.8,84.8226,1.7978,70.1774,1.7978,36.1688,research_backfill_not_live_proof
240,closed,XLK,call,XLK260515C00176000,2026-05-15,2026-05-11T08:10:00-06:00,2026-05-13T13:55:00-06:00,short_term,all_lanes_zero_pick_research_backfill,all_lanes_zero_pick_current_algo_v1,ineligible,,-55.7145,net_pnl_pct,2.9095,spread_ask_bid,1.3,historical_spread_bid_ask,SELL,historical_backfill_time_exit_elapsed,0,,False,,2026-05-11,92.605,94.9,62.6,96.4706,8.4327,51.4706,2.3548,58.19,research_backfill_not_live_proof
241,closed,BA,call,BA260522C00240000,2026-05-22,2026-05-11T08:10:00-06:00,2026-05-15T13:55:00-06:00,short_term,all_lanes_zero_pick_research_backfill,all_lanes_zero_pick_current_algo_v1,ineligible,,-96.1663,net_pnl_pct,4.1475,spread_ask_bid,0.16,historical_spread_bid_ask,SELL,Historical executable exit hit the stop loss at -96.1%.,0,,False,,2026-05-11,54.205,93.9,57.5,98.0492,4.3891,56.9508,2.3548,27.65,research_backfill_not_live_proof
242,closed,IWM,call,IWM260518C00285000,2026-05-18,2026-05-11T08:10:00-06:00,2026-05-15T13:55:00-06:00,short_term,all_lanes_zero_pick_research_backfill,all_lanes_zero_pick_current_algo_v1,ineligible,,-99.1645,net_pnl_pct,3.5645,spread_ask_bid,0.03,historical_spread_bid_ask,SELL,historical_backfill_time_exit_elapsed,0,,False,,2026-05-11,78.685,85.3,64.5,96.8856,1.7509,51.8856,2.3548,44.5563,research_backfill_not_live_proof
244,closed,QQQ,call,QQQ260518C00711000,2026-05-18,2026-05-11T08:10:00-06:00,2026-05-15T13:55:00-06:00,short_term,all_lanes_zero_pick_research_backfill,all_lanes_zero_pick_current_algo_v1,ineligible,,-60.8643,net_pnl_pct,7.8185,spread_ask_bid,3.07,historical_spread_bid_ask,SELL,historical_backfill_time_exit_elapsed,0,,False,,2026-05-11,58.82,71.6,56.4,81.423,5.5003,73.577,2.3548,41.15,research_backfill_not_live_proof
245,closed,TSLA,call,TSLA260518C00442500,2026-05-18,2026-05-12T08:10:00-06:00,2026-05-15T13:55:00-06:00,short_term,all_lanes_zero_pick_research_backfill,all_lanes_zero_pick_current_algo_v1,ineligible,,-91.9284,net_pnl_pct,7.4075,spread_ask_bid,0.6,historical_spread_bid_ask,SELL,historical_backfill_time_exit_elapsed,0,,False,,2026-05-12,59.62,99.6,71.6,99.5396,13.3729,55.4604,2.9651,29.63,research_backfill_not_live_proof
246,closed,XLK,call,XLK260522C00177000,2026-05-22,2026-05-12T08:10:00-06:00,2026-05-18T13:55:00-06:00,short_term,all_lanes_zero_pick_research_backfill,all_lanes_zero_pick_current_algo_v1,ineligible,,-79.6284,net_pnl_pct,3.6065,spread_ask_bid,0.74,historical_spread_bid_ask,SELL,historical_backfill_time_exit_elapsed,0,,False,,2026-05-12,97.825,98.5,65.6,97.5667,9.7686,57.4333,2.9651,51.5214,research_backfill_not_live_proof
247,closed,NEM,call,NEM260515C00119000,2026-05-15,2026-05-12T08:10:00-06:00,2026-05-14T13:55:00-06:00,short_term,all_lanes_zero_pick_research_backfill,all_lanes_zero_pick_current_algo_v1,ineligible,,-95.1417,net_pnl_pct,3.0615,spread_ask_bid,0.15,historical_spread_bid_ask,SELL,historical_backfill_time_exit_elapsed,0,,False,,2026-05-12,57.91,97.8,58.0,96.2043,11.3911,58.7957,2.9651,51.025,research_backfill_not_live_proof
248,closed,IWM,call,IWM260519C00284000,2026-05-19,2026-05-12T08:10:00-06:00,2026-05-15T13:55:00-06:00,short_term,all_lanes_zero_pick_research_backfill,all_lanes_zero_pick_current_algo_v1,ineligible,,-92.0266,net_pnl_pct,2.2315,spread_ask_bid,0.18,historical_spread_bid_ask,SELL,Historical executable exit hit the stop loss at -91.9%.,0,,False,,2026-05-12,87.53,91.4,71.7,97.2812,2.681,52.2812,2.9651,27.8938,research_backfill_not_live_proof
249,closed,SPY,call,SPY260519C00738000,2026-05-19,2026-05-12T08:10:00-06:00,2026-05-18T13:55:00-06:00,short_term,all_lanes_zero_pick_research_backfill,all_lanes_zero_pick_current_algo_v1,ineligible,,-39.4154,net_pnl_pct,4.216,spread_ask_bid,2.57,historical_spread_bid_ask,SELL,historical_backfill_time_exit_elapsed,0,,False,,2026-05-12,80.715,86.7,60.5,87.1035,2.9651,67.8965,2.9651,32.4308,research_backfill_not_live_proof
250,closed,DIA,call,DIA260522C00497000,2026-05-22,2026-05-12T08:10:00-06:00,2026-05-18T13:55:00-06:00,short_term,all_lanes_zero_pick_research_backfill,all_lanes_zero_pick_current_algo_v1,ineligible,,-20.8848,net_pnl_pct,3.8165,spread_ask_bid,3.04,historical_spread_bid_ask,SELL,historical_backfill_time_exit_elapsed,0,,False,,2026-05-12,65.78,76.4,55.0,76.1931,1.5422,66.3069,2.9651,31.8042,research_backfill_not_live_proof
251,closed,QQQ,call,QQQ260518C00709000,2026-05-18,2026-05-12T08:10:00-06:00,2026-05-15T13:55:00-06:00,short_term,all_lanes_zero_pick_research_backfill,all_lanes_zero_pick_current_algo_v1,ineligible,,-26.4962,net_pnl_pct,5.4295,spread_ask_bid,4.01,historical_spread_bid_ask,SELL,historical_backfill_time_exit_elapsed,0,,False,,2026-05-12,62.3,74.0,63.7,80.2946,6.0055,74.7054,2.9651,33.9344,research_backfill_not_live_proof
252,closed,COIN,call,COIN260522C00207500,2026-05-22,2026-05-13T08:10:00-06:00,2026-05-18T13:55:00-06:00,short_term,all_lanes_zero_pick_research_backfill,all_lanes_zero_pick_current_algo_v1,ineligible,,-82.8176,net_pnl_pct,5.6775,spread_ask_bid,0.98,historical_spread_bid_ask,SELL,historical_backfill_time_exit_elapsed,0,,False,,2026-05-13,54.68,94.4,75.1,98.9864,5.0013,53.9864,1.991,28.3875,research_backfill_not_live_proof
253,closed,NVDA,call,NVDA260518C00225000,2026-05-18,2026-05-13T08:10:00-06:00,2026-05-18T13:55:00-06:00,short_term,all_lanes_zero_pick_research_backfill,all_lanes_zero_pick_current_algo_v1,ineligible,,-37.7207,net_pnl_pct,3.089,spread_ask_bid,1.94,historical_spread_bid_ask,SELL,historical_backfill_expired,0,,False,,2026-05-13,53.635,93.3,64.0,96.8791,12.3562,58.1209,1.991,30.89,research_backfill_not_live_proof
254,closed,XLK,call,XLK260522C00177500,2026-05-22,2026-05-13T08:10:00-06:00,2026-05-18T13:55:00-06:00,short_term,all_lanes_zero_pick_research_backfill,all_lanes_zero_pick_current_algo_v1,ineligible,,-98.7871,net_pnl_pct,3.272,spread_ask_bid,0.04,historical_spread_bid_ask,SELL,historical_backfill_time_exit_elapsed,0,,False,,2026-05-13,89.125,92.5,66.1,95.5879,5.7779,59.4121,1.991,50.3385,research_backfill_not_live_proof
255,closed,DIA,call,DIA260522C00497000,2026-05-22,2026-05-13T08:10:00-06:00,2026-05-18T13:55:00-06:00,short_term,all_lanes_zero_pick_research_backfill,all_lanes_zero_pick_current_algo_v1,ineligible,,-24.8312,net_pnl_pct,3.8985,spread_ask_bid,2.95,historical_spread_bid_ask,SELL,historical_backfill_time_exit_elapsed,0,,False,,2026-05-13,57.95,71.0,55.0,78.1747,1.0001,64.3253,1.991,35.4409,research_backfill_not_live_proof
256,closed,SPY,call,SPY260520C00739000,2026-05-20,2026-05-13T08:10:00-06:00,2026-05-18T13:55:00-06:00,short_term,all_lanes_zero_pick_research_backfill,all_lanes_zero_pick_current_algo_v1,ineligible,,-34.5736,net_pnl_pct,4.758,spread_ask_bid,3.13,historical_spread_bid_ask,SELL,historical_backfill_time_exit_elapsed,0,,False,,2026-05-13,56.355,69.9,61.2,85.3365,1.991,69.6635,1.991,33.9857,research_backfill_not_live_proof
257,closed,QQQ,call,QQQ260520C00711000,2026-05-20,2026-05-13T08:10:00-06:00,2026-05-18T13:55:00-06:00,short_term,all_lanes_zero_pick_research_backfill,all_lanes_zero_pick_current_algo_v1,ineligible,,-55.4118,net_pnl_pct,5.693,spread_ask_bid,2.55,historical_spread_bid_ask,SELL,historical_backfill_time_exit_elapsed,0,,False,,2026-05-13,51.715,66.7,63.4,82.6853,3.7602,72.3147,1.991,33.4882,research_backfill_not_live_proof
258,closed,TSLA,call,TSLA260520C00447500,2026-05-20,2026-05-14T08:10:00-06:00,2026-05-18T13:55:00-06:00,short_term,all_lanes_zero_pick_research_backfill,all_lanes_zero_pick_current_algo_v1,ineligible,,-98.3586,net_pnl_pct,7.285,spread_ask_bid,0.12,historical_spread_bid_ask,SELL,historical_backfill_time_exit_elapsed,0,,False,,2026-05-14,50.5,90.0,72.6,98.5055,11.6721,56.4945,1.1556,29.14,research_backfill_not_live_proof
259,closed,NVDA,call,NVDA260522C00230000,2026-05-22,2026-05-14T08:10:00-06:00,2026-05-18T13:55:00-06:00,short_term,all_lanes_zero_pick_research_backfill,all_lanes_zero_pick_current_algo_v1,ineligible,,-55.2676,net_pnl_pct,5.6075,spread_ask_bid,2.52,historical_spread_bid_ask,SELL,historical_backfill_time_exit_elapsed,0,,False,,2026-05-14,50.025,89.5,69.4,97.6242,8.6609,57.3758,1.1556,44.86,research_backfill_not_live_proof
260,closed,XLK,call,XLK260522C00177500,2026-05-22,2026-05-14T08:10:00-06:00,2026-05-18T13:55:00-06:00,short_term,all_lanes_zero_pick_research_backfill,all_lanes_zero_pick_current_algo_v1,ineligible,,-100.0,net_pnl_pct,3.751,spread_ask_bid,0.0,historical_spread_bid_ask,SELL,historical_backfill_time_exit_elapsed,0,,False,,2026-05-14,81.73,87.4,67.5,99.315,4.0111,55.685,1.1556,75.02,research_backfill_not_live_proof
261,closed,QQQ,call,QQQ260521C00715000,2026-05-21,2026-05-14T08:10:00-06:00,2026-05-18T13:55:00-06:00,short_term,all_lanes_zero_pick_research_backfill,all_lanes_zero_pick_current_algo_v1,ineligible,,-66.5288,net_pnl_pct,7.5925,spread_ask_bid,2.55,historical_spread_bid_ask,SELL,historical_backfill_time_exit_elapsed,0,,False,,2026-05-14,66.36,76.8,69.1,87.0582,2.7222,67.9418,1.1556,47.4531,research_backfill_not_live_proof
262,closed,SPY,call,SPY260521C00744000,2026-05-21,2026-05-14T08:10:00-06:00,2026-05-18T13:55:00-06:00,short_term,all_lanes_zero_pick_research_backfill,all_lanes_zero_pick_current_algo_v1,ineligible,,-64.8,net_pnl_pct,5.599,spread_ask_bid,1.98,historical_spread_bid_ask,SELL,historical_backfill_time_exit_elapsed,0,,False,,2026-05-14,45.915,62.7,71.7,84.5288,1.1556,70.4712,1.1556,46.6583,research_backfill_not_live_proof
263,closed,XLK,call,XLK260522C00176000,2026-05-22,2026-05-15T08:10:00-06:00,2026-05-19T13:55:00-06:00,short_term,all_lanes_zero_pick_research_backfill,all_lanes_zero_pick_current_algo_v1,ineligible,,-87.116,net_pnl_pct,3.001,spread_ask_bid,0.39,historical_spread_bid_ask,SELL,historical_backfill_time_exit_elapsed,0,,False,,2026-05-15,93.91,95.8,67.5,99.0338,5.7811,55.9662,2.2677,60.02,research_backfill_not_live_proof
264,closed,NVDA,call,NVDA260522C00230000,2026-05-22,2026-05-15T08:10:00-06:00,2026-05-19T13:55:00-06:00,short_term,all_lanes_zero_pick_research_backfill,all_lanes_zero_pick_current_algo_v1,ineligible,,-58.0435,net_pnl_pct,4.5025,spread_ask_bid,1.9,historical_spread_bid_ask,SELL,historical_backfill_time_exit_elapsed,0,,False,,2026-05-15,56.01,95.8,65.4,98.8982,11.461,56.1018,2.2677,36.02,research_backfill_not_live_proof
265,closed,COIN,call,COIN260522C00207500,2026-05-22,2026-05-15T08:10:00-06:00,2026-05-19T13:55:00-06:00,short_term,all_lanes_zero_pick_research_backfill,all_lanes_zero_pick_current_algo_v1,ineligible,,-71.4211,net_pnl_pct,3.788,spread_ask_bid,1.09,historical_spread_bid_ask,SELL,historical_backfill_time_exit_elapsed,0,,False,,2026-05-15,55.06,94.8,76.7,97.1493,9.8725,52.1493,2.2677,21.6457,research_backfill_not_live_proof
266,closed,QQQ,call,QQQ260522C00711000,2026-05-22,2026-05-15T08:10:00-06:00,2026-05-20T13:55:00-06:00,short_term,all_lanes_zero_pick_research_backfill,all_lanes_zero_pick_current_algo_v1,ineligible,,-13.2134,net_pnl_pct,6.369,spread_ask_bid,5.55,historical_spread_bid_ask,SELL,"Historical time exit reached after 5 calendar day(s), versus a 4-day limit.",0,,False,,2026-05-15,78.25,85.0,69.3,87.1846,3.5758,67.8154,2.2677,42.46,research_backfill_not_live_proof
267,closed,DIA,call,DIA260522C00498000,2026-05-22,2026-05-15T08:10:00-06:00,2026-05-19T13:55:00-06:00,short_term,all_lanes_zero_pick_research_backfill,all_lanes_zero_pick_current_algo_v1,ineligible,,-62.7186,net_pnl_pct,3.005,spread_ask_bid,1.13,historical_spread_bid_ask,SELL,historical_backfill_time_exit_elapsed,0,,False,,2026-05-15,71.0,80.0,61.8,92.1212,0.9861,62.8788,2.2677,33.3889,research_backfill_not_live_proof
268,closed,IWM,call,IWM260522C00281000,2026-05-22,2026-05-15T08:10:00-06:00,2026-05-19T13:55:00-06:00,short_term,all_lanes_zero_pick_research_backfill,all_lanes_zero_pick_current_algo_v1,ineligible,,-92.2939,net_pnl_pct,1.9205,spread_ask_bid,0.15,historical_spread_bid_ask,SELL,historical_backfill_time_exit_elapsed,0,,False,,2026-05-15,58.965,71.7,80.2,78.277,0.7759,45.777,2.2677,32.0083,research_backfill_not_live_proof
269,closed,SPY,call,SPY260522C00743000,2026-05-22,2026-05-15T08:10:00-06:00,2026-05-19T13:55:00-06:00,short_term,all_lanes_zero_pick_research_backfill,all_lanes_zero_pick_current_algo_v1,ineligible,,-76.0966,net_pnl_pct,4.1575,spread_ask_bid,1.0,historical_spread_bid_ask,SELL,historical_backfill_time_exit_elapsed,0,,False,,2026-05-15,58.095,71.1,71.5,83.4491,2.2677,71.5509,2.2677,37.7955,research_backfill_not_live_proof
270,closed,NVDA,call,NVDA260527C00230000,2026-05-27,2026-05-18T08:10:00-06:00,2026-05-22T13:55:00-06:00,short_term,all_lanes_zero_pick_research_backfill,all_lanes_zero_pick_current_algo_v1,ineligible,,-95.4057,net_pnl_pct,4.7625,spread_ask_bid,0.22,historical_spread_bid_ask,SELL,Historical executable exit hit the stop loss at -95.4%.,0,,False,,2026-05-18,43.945,83.1,57.2,98.2282,4.7026,56.7718,0.2101,31.75,research_backfill_not_live_proof
272,closed,XLK,call,XLK260529C00178000,2026-05-29,2026-05-18T08:10:00-06:00,2026-05-18T13:55:00-06:00,short_term,all_lanes_zero_pick_research_backfill,all_lanes_zero_pick_current_algo_v1,ineligible,,-92.6567,net_pnl_pct,3.787,spread_ask_bid,0.28,historical_spread_bid_ask,SELL,Historical executable exit hit the stop loss at -92.6%.,0,,False,,2026-05-18,47.8,64.0,66.3,86.8126,0.4216,54.3126,0.2101,54.1,research_backfill_not_live_proof
273,closed,WMT,call,WMT260529C00133000,2026-05-29,2026-05-19T08:10:00-06:00,2026-05-21T13:55:00-06:00,short_term,all_lanes_zero_pick_research_backfill,all_lanes_zero_pick_current_algo_v1,ineligible,,-100.0,net_pnl_pct,3.091,spread_ask_bid,0.0,historical_spread_bid_ask,SELL,Historical executable exit hit the stop loss at -100.0%.,0,,False,,2026-05-19,41.95,81.0,56.7,95.4126,4.5066,50.4126,-0.0879,51.5167,research_backfill_not_live_proof
275,closed,WMT,call,WMT260529C00133000,2026-05-29,2026-05-20T08:10:00-06:00,2026-05-21T13:55:00-06:00,short_term,all_lanes_zero_pick_research_backfill,all_lanes_zero_pick_current_algo_v1,ineligible,,-99.4552,net_pnl_pct,1.8095,spread_ask_bid,0.01,historical_spread_bid_ask,SELL,Historical executable exit hit the stop loss at -99.4%.,0,,False,,2026-05-20,35.395,74.1,63.8,96.7871,2.9536,51.7871,-0.6028,36.19,research_backfill_not_live_proof
283,closed,AA,call,AA260501C00075000,2026-05-01,2026-04-09T08:10:00-06:00,2026-04-22T13:55:00-06:00,swing,all_lanes_zero_pick_research_backfill,all_lanes_zero_pick_current_algo_v1,ineligible,,-91.8022,net_pnl_pct,3.7555,spread_ask_bid,0.31,historical_spread_bid_ask,SELL,Historical executable exit hit the stop loss at -91.7%.,0,,False,,2026-04-09,56.2,96.0,68.0,92.6474,8.1863,62.3526,3.9472,53.65,research_backfill_not_live_proof
284,closed,NFLX,call,NFLX260424C00101000,2026-04-24,2026-04-09T08:10:00-06:00,2026-04-17T13:55:00-06:00,swing,all_lanes_zero_pick_research_backfill,all_lanes_zero_pick_current_algo_v1,ineligible,,-84.7725,net_pnl_pct,2.6665,spread_ask_bid,0.41,historical_spread_bid_ask,SELL,historical_backfill_time_exit_elapsed,0,,False,,2026-04-09,51.83,91.4,71.3,93.228,3.3697,48.228,3.9472,29.6278,research_backfill_not_live_proof
285,closed,NFLX,call,NFLX260501C00105000,2026-05-01,2026-04-10T08:10:00-06:00,2026-04-20T13:55:00-06:00,swing,all_lanes_zero_pick_research_backfill,all_lanes_zero_pick_current_algo_v1,ineligible,,-100.0,net_pnl_pct,2.3855,spread_ask_bid,0.0,historical_spread_bid_ask,SELL,Historical executable exit hit the stop loss at -100.0%.,0,,False,,2026-04-10,56.77,96.6,72.3,93.7425,6.8027,48.7425,3.765,23.855,research_backfill_not_live_proof
286,closed,SLB,call,SLB260501C00053000,2026-05-01,2026-04-10T08:10:00-06:00,2026-04-22T13:55:00-06:00,swing,all_lanes_zero_pick_research_backfill,all_lanes_zero_pick_current_algo_v1,ineligible,,-33.3986,net_pnl_pct,2.5265,spread_ask_bid,1.7,historical_spread_bid_ask,SELL,historical_backfill_time_exit_elapsed,0,,False,,2026-04-10,49.265,88.7,64.2,79.4497,5.017,55.5503,3.765,50.53,research_backfill_not_live_proof
288,closed,NFLX,call,NFLX260501C00104000,2026-05-01,2026-04-13T08:10:00-06:00,2026-04-17T13:55:00-06:00,swing,all_lanes_zero_pick_research_backfill,all_lanes_zero_pick_current_algo_v1,ineligible,,-90.1138,net_pnl_pct,3.312,spread_ask_bid,0.33,historical_spread_bid_ask,SELL,Historical executable exit hit the stop loss at -90.0%.,0,,False,,2026-04-13,55.44,95.2,72.6,94.4308,4.4091,60.5692,3.6031,33.12,research_backfill_not_live_proof
292,closed,NFLX,call,NFLX260508C00104000,2026-05-08,2026-04-14T08:10:00-06:00,2026-04-20T13:55:00-06:00,swing,all_lanes_zero_pick_research_backfill,all_lanes_zero_pick_current_algo_v1,ineligible,,-91.7113,net_pnl_pct,2.8695,spread_ask_bid,0.24,historical_spread_bid_ask,SELL,Historical executable exit hit the stop loss at -91.6%.,0,,False,,2026-04-14,54.3,94.0,87.5,92.9787,4.2758,62.0213,4.1234,47.825,research_backfill_not_live_proof
300,closed,NFLX,call,NFLX260501C00106000,2026-05-01,2026-04-15T08:10:00-06:00,2026-04-17T13:55:00-06:00,swing,all_lanes_zero_pick_research_backfill,all_lanes_zero_pick_current_algo_v1,ineligible,,-94.0719,net_pnl_pct,2.673,spread_ask_bid,0.16,historical_spread_bid_ask,SELL,Historical executable exit hit the stop loss at -94.0%.,0,,False,,2026-04-15,57.53,97.4,85.5,95.3602,7.5491,59.6398,5.3457,44.55,research_backfill_not_live_proof
317,closed,IWM,call,IWM260508C00275000,2026-05-08,2026-04-17T08:10:00-06:00,2026-04-29T13:55:00-06:00,swing,all_lanes_zero_pick_research_backfill,all_lanes_zero_pick_current_algo_v1,ineligible,,-51.4299,net_pnl_pct,5.3065,spread_ask_bid,2.59,historical_spread_bid_ask,SELL,historical_backfill_time_exit_elapsed,0,,False,,2026-04-17,70.42,79.6,64.4,73.6145,3.0501,48.6145,3.199,35.3767,research_backfill_not_live_proof
318,closed,DIA,call,DIA260508C00493000,2026-05-08,2026-04-17T08:10:00-06:00,2026-04-29T13:55:00-06:00,swing,all_lanes_zero_pick_research_backfill,all_lanes_zero_pick_current_algo_v1,ineligible,,-61.8393,net_pnl_pct,7.8355,spread_ask_bid,3.0,historical_spread_bid_ask,SELL,historical_backfill_time_exit_elapsed,0,,False,,2026-04-17,60.125,72.5,65.3,72.9794,0.774,62.0206,3.199,35.6159,research_backfill_not_live_proof
321,closed,IWM,call,IWM260508C00276000,2026-05-08,2026-04-20T08:10:00-06:00,2026-04-30T13:55:00-06:00,swing,all_lanes_zero_pick_research_backfill,all_lanes_zero_pick_current_algo_v1,ineligible,,-20.5036,net_pnl_pct,5.534,spread_ask_bid,4.42,historical_spread_bid_ask,SELL,historical_backfill_time_exit_elapsed,0,,False,,2026-04-20,79.99,86.2,64.4,74.8954,5.5415,49.8954,4.5154,36.8933,research_backfill_not_live_proof
325,closed,DIA,call,DIA260508C00495000,2026-05-08,2026-04-20T08:10:00-06:00,2026-04-30T13:55:00-06:00,swing,all_lanes_zero_pick_research_backfill,all_lanes_zero_pick_current_algo_v1,ineligible,,-26.9323,net_pnl_pct,7.077,spread_ask_bid,5.19,historical_spread_bid_ask,SELL,historical_backfill_time_exit_elapsed,0,,False,,2026-04-20,69.405,78.9,65.2,71.8805,3.1236,63.1195,4.5154,35.385,research_backfill_not_live_proof
327,closed,SMCI,call,SMCI260508C00031000,2026-05-08,2026-04-21T08:10:00-06:00,2026-04-30T13:55:00-06:00,swing,all_lanes_zero_pick_research_backfill,all_lanes_zero_pick_current_algo_v1,ineligible,,-73.9348,net_pnl_pct,0.9715,spread_ask_bid,0.26,historical_spread_bid_ask,SELL,historical_backfill_time_exit_elapsed,0,,False,,2026-04-21,47.27,86.6,60.4,75.673,10.9357,59.327,3.2969,38.86,research_backfill_not_live_proof
328,closed,IWM,call,IWM260515C00280000,2026-05-15,2026-04-21T08:10:00-06:00,2026-05-04T13:55:00-06:00,swing,all_lanes_zero_pick_research_backfill,all_lanes_zero_pick_current_algo_v1,ineligible,,-46.1691,net_pnl_pct,6.03,spread_ask_bid,3.26,historical_spread_bid_ask,SELL,historical_backfill_time_exit_elapsed,0,,False,,2026-04-21,78.685,85.3,66.3,75.337,4.6327,59.663,3.2969,37.6875,research_backfill_not_live_proof
334,closed,SLB,call,SLB260515C00055000,2026-05-15,2026-04-23T08:10:00-06:00,2026-05-05T13:55:00-06:00,swing,all_lanes_zero_pick_research_backfill,all_lanes_zero_pick_current_algo_v1,ineligible,,-12.6026,net_pnl_pct,2.045,spread_ask_bid,1.81,historical_spread_bid_ask,SELL,historical_backfill_time_exit_elapsed,0,,False,,2026-04-23,48.79,88.2,65.2,98.3183,3.6818,53.3183,1.6101,40.9,research_backfill_not_live_proof
339,closed,SLB,call,SLB260515C00055000,2026-05-15,2026-04-24T08:10:00-06:00,2026-05-06T13:55:00-06:00,swing,all_lanes_zero_pick_research_backfill,all_lanes_zero_pick_current_algo_v1,ineligible,,-37.4054,net_pnl_pct,1.955,spread_ask_bid,1.24,historical_spread_bid_ask,SELL,historical_backfill_time_exit_elapsed,0,,False,,2026-04-24,46.985,86.3,65.0,93.5692,5.8187,61.4308,0.9677,39.1,research_backfill_not_live_proof
342,closed,SLB,call,SLB260515C00057000,2026-05-15,2026-04-27T08:10:00-06:00,2026-05-07T13:55:00-06:00,swing,all_lanes_zero_pick_research_backfill,all_lanes_zero_pick_current_algo_v1,ineligible,,-96.3168,net_pnl_pct,1.3315,spread_ask_bid,0.05,historical_spread_bid_ask,SELL,historical_backfill_time_exit_elapsed,0,,False,,2026-04-27,45.56,84.8,74.8,94.759,6.6274,60.241,0.5351,33.2875,research_backfill_not_live_proof
347,closed,SLB,call,SLB260515C00056000,2026-05-15,2026-04-28T08:10:00-06:00,2026-05-07T13:55:00-06:00,swing,all_lanes_zero_pick_research_backfill,all_lanes_zero_pick_current_algo_v1,ineligible,,-92.465,net_pnl_pct,1.832,spread_ask_bid,0.14,historical_spread_bid_ask,SELL,historical_backfill_time_exit_elapsed,0,,False,,2026-04-28,45.655,84.9,74.4,91.6124,5.8046,63.3876,0.9101,36.64,research_backfill_not_live_proof
352,closed,SLB,call,SLB260522C00057000,2026-05-22,2026-04-29T08:10:00-06:00,2026-05-11T13:55:00-06:00,swing,all_lanes_zero_pick_research_backfill,all_lanes_zero_pick_current_algo_v1,ineligible,,-91.1963,net_pnl_pct,1.905,spread_ask_bid,0.17,historical_spread_bid_ask,SELL,Historical executable exit hit the stop loss at -91.1%.,0,,False,,2026-04-29,47.46,86.8,74.4,93.4236,5.4576,61.5764,1.0808,38.1,research_backfill_not_live_proof
359,closed,SLB,call,SLB260522C00057000,2026-05-22,2026-05-01T08:10:00-06:00,2026-05-11T13:55:00-06:00,swing,all_lanes_zero_pick_research_backfill,all_lanes_zero_pick_current_algo_v1,ineligible,,-90.8083,net_pnl_pct,1.8235,spread_ask_bid,0.17,historical_spread_bid_ask,SELL,Historical executable exit hit the stop loss at -90.7%.,0,,False,,2026-05-01,49.17,88.6,75.5,99.2867,3.9094,55.7133,1.4412,36.47,research_backfill_not_live_proof
362,closed,DIA,call,DIA260522C00501000,2026-05-22,2026-05-01T08:10:00-06:00,2026-05-13T13:55:00-06:00,swing,all_lanes_zero_pick_research_backfill,all_lanes_zero_pick_current_algo_v1,ineligible,,-53.9862,net_pnl_pct,5.907,spread_ask_bid,2.73,historical_spread_bid_ask,SELL,historical_backfill_time_exit_elapsed,0,,False,,2026-05-01,60.415,72.7,65.3,87.7158,0.7404,67.2842,1.4412,31.0895,research_backfill_not_live_proof
366,closed,V,call,V260522C00330000,2026-05-22,2026-05-04T08:10:00-06:00,2026-05-14T13:55:00-06:00,swing,all_lanes_zero_pick_research_backfill,all_lanes_zero_pick_current_algo_v1,ineligible,,-74.7167,net_pnl_pct,5.3135,spread_ask_bid,1.35,historical_spread_bid_ask,SELL,historical_backfill_time_exit_elapsed,0,,False,,2026-05-04,43.28,82.4,61.8,88.6754,6.0145,66.3246,0.9399,26.5675,research_backfill_not_live_proof
371,closed,MSTR,call,MSTR260522C00195000,2026-05-22,2026-05-05T08:10:00-06:00,2026-05-14T13:55:00-06:00,swing,all_lanes_zero_pick_research_backfill,all_lanes_zero_pick_current_algo_v1,ineligible,,-53.7649,net_pnl_pct,6.03,spread_ask_bid,2.8,historical_spread_bid_ask,SELL,historical_backfill_time_exit_elapsed,0,,False,,2026-05-05,39.1,78.0,71.7,88.9002,8.6288,66.0998,0.3971,34.4571,research_backfill_not_live_proof
372,closed,V,call,V260522C00327500,2026-05-22,2026-05-05T08:10:00-06:00,2026-05-14T13:55:00-06:00,swing,all_lanes_zero_pick_research_backfill,all_lanes_zero_pick_current_algo_v1,ineligible,,-50.7487,net_pnl_pct,4.0145,spread_ask_bid,1.99,historical_spread_bid_ask,SELL,historical_backfill_time_exit_elapsed,0,,False,,2026-05-05,37.485,76.3,61.7,87.6119,5.5547,67.3881,0.3971,20.0725,research_backfill_not_live_proof
376,closed,AMD,call,AMD260522C00420000,2026-05-22,2026-05-06T08:10:00-06:00,2026-05-15T13:55:00-06:00,swing,all_lanes_zero_pick_research_backfill,all_lanes_zero_pick_current_algo_v1,ineligible,,-13.4242,net_pnl_pct,15.0475,spread_ask_bid,13.05,historical_spread_bid_ask,SELL,historical_backfill_time_exit_elapsed,0,,False,,2026-05-06,52.875,92.5,71.7,98.1679,9.9162,53.1679,1.6974,37.6187,research_backfill_not_live_proof
378,closed,IWM,call,IWM260529C00287000,2026-05-29,2026-05-06T08:10:00-06:00,2026-05-21T13:55:00-06:00,swing,all_lanes_zero_pick_research_backfill,all_lanes_zero_pick_current_algo_v1,ineligible,,-66.9481,net_pnl_pct,4.119,spread_ask_bid,1.37,historical_spread_bid_ask,SELL,"Historical time exit reached after 15 calendar day(s), versus a 13-day limit.",0,,False,,2026-05-06,79.555,85.9,77.4,96.2563,3.158,51.2563,1.6974,31.6846,research_backfill_not_live_proof
379,closed,XLK,call,XLK260529C00169000,2026-05-29,2026-05-06T08:10:00-06:00,2026-05-19T13:55:00-06:00,swing,all_lanes_zero_pick_research_backfill,all_lanes_zero_pick_current_algo_v1,ineligible,,-6.5317,net_pnl_pct,4.4675,spread_ask_bid,4.2,historical_spread_bid_ask,SELL,historical_backfill_time_exit_elapsed,0,,False,,2026-05-06,77.525,84.5,72.5,84.0184,4.9287,39.0184,1.6974,40.6136,research_backfill_not_live_proof
382,closed,DIA,call,DIA260529C00499000,2026-05-29,2026-05-06T08:10:00-06:00,2026-05-19T13:55:00-06:00,swing,all_lanes_zero_pick_research_backfill,all_lanes_zero_pick_current_algo_v1,ineligible,,-62.4822,net_pnl_pct,6.6375,spread_ask_bid,2.5,historical_spread_bid_ask,SELL,historical_backfill_time_exit_elapsed,0,,False,,2026-05-06,37.36,56.8,66.1,73.4312,0.3134,69.0688,1.6974,31.6071,research_backfill_not_live_proof
383,closed,AMD,call,AMD260529C00430000,2026-05-29,2026-05-07T08:10:00-06:00,2026-05-19T13:55:00-06:00,swing,all_lanes_zero_pick_research_backfill,all_lanes_zero_pick_current_algo_v1,ineligible,,-40.6776,net_pnl_pct,13.1225,spread_ask_bid,7.8,historical_spread_bid_ask,SELL,historical_backfill_time_exit_elapsed,0,,False,,2026-05-07,60.0,100.0,65.5,99.9232,25.0007,55.0768,3.1268,32.8062,research_backfill_not_live_proof
384,closed,IWM,call,IWM260529C00289000,2026-05-29,2026-05-07T08:10:00-06:00,2026-05-21T13:55:00-06:00,swing,all_lanes_zero_pick_research_backfill,all_lanes_zero_pick_current_algo_v1,ineligible,,-74.2501,net_pnl_pct,3.6245,spread_ask_bid,0.94,historical_spread_bid_ask,SELL,"Historical time exit reached after 14 calendar day(s), versus a 12-day limit.",0,,False,,2026-05-07,99.275,99.5,75.7,99.0785,5.4102,55.9215,3.1268,22.6531,research_backfill_not_live_proof
385,closed,DIS,call,DIS260529C00110000,2026-05-29,2026-05-07T08:10:00-06:00,2026-05-11T13:55:00-06:00,swing,all_lanes_zero_pick_research_backfill,all_lanes_zero_pick_current_algo_v1,ineligible,,-95.6861,net_pnl_pct,2.9875,spread_ask_bid,0.13,historical_spread_bid_ask,SELL,Historical executable exit hit the stop loss at -95.6%.,0,,False,,2026-05-07,59.43,99.4,72.3,98.9297,6.6732,56.0703,3.1268,37.3438,research_backfill_not_live_proof
387,closed,XLK,call,XLK260529C00171000,2026-05-29,2026-05-07T08:10:00-06:00,2026-05-19T13:55:00-06:00,swing,all_lanes_zero_pick_research_backfill,all_lanes_zero_pick_current_algo_v1,ineligible,,-31.0834,net_pnl_pct,4.9075,spread_ask_bid,3.4,historical_spread_bid_ask,SELL,historical_backfill_time_exit_elapsed,0,,False,,2026-05-07,88.4,92.0,70.7,85.5028,6.8632,40.5028,3.1268,42.6739,research_backfill_not_live_proof
388,closed,SPY,call,SPY260522C00737000,2026-05-22,2026-05-07T08:10:00-06:00,2026-05-15T13:55:00-06:00,swing,all_lanes_zero_pick_research_backfill,all_lanes_zero_pick_current_algo_v1,ineligible,,-1.5817,net_pnl_pct,7.371,spread_ask_bid,7.28,historical_spread_bid_ask,SELL,historical_backfill_time_exit_elapsed,0,,False,,2026-05-07,83.18,88.4,66.0,89.0421,3.1268,65.9579,3.1268,32.0478,research_backfill_not_live_proof
389,closed,DIA,call,DIA260529C00502000,2026-05-29,2026-05-07T08:10:00-06:00,2026-05-19T13:55:00-06:00,swing,all_lanes_zero_pick_research_backfill,all_lanes_zero_pick_current_algo_v1,ineligible,,-68.9526,net_pnl_pct,5.063,spread_ask_bid,1.58,historical_spread_bid_ask,SELL,historical_backfill_time_exit_elapsed,0,,False,,2026-05-07,78.105,84.9,65.7,88.1827,2.1241,66.8173,3.1268,28.1278,research_backfill_not_live_proof
392,closed,XLK,call,XLK260529C00173000,2026-05-29,2026-05-08T08:10:00-06:00,2026-05-20T13:55:00-06:00,swing,all_lanes_zero_pick_research_backfill,all_lanes_zero_pick_current_algo_v1,ineligible,,-4.7428,net_pnl_pct,4.9605,spread_ask_bid,4.75,historical_spread_bid_ask,SELL,historical_backfill_time_exit_elapsed,0,,False,,2026-05-08,82.165,87.7,70.1,88.5227,6.3887,43.5227,1.7978,41.3375,research_backfill_not_live_proof
393,closed,QQQ,call,QQQ260529C00703000,2026-05-29,2026-05-08T08:10:00-06:00,2026-05-20T13:55:00-06:00,swing,all_lanes_zero_pick_research_backfill,all_lanes_zero_pick_current_algo_v1,ineligible,,-8.7816,net_pnl_pct,9.8185,spread_ask_bid,8.98,historical_spread_bid_ask,SELL,historical_backfill_time_exit_elapsed,0,,False,,2026-05-08,62.88,74.4,66.6,83.9295,4.0734,71.0705,1.7978,57.7559,research_backfill_not_live_proof
394,closed,IWM,call,IWM260529C00285000,2026-05-29,2026-05-08T08:10:00-06:00,2026-05-21T13:55:00-06:00,swing,all_lanes_zero_pick_research_backfill,all_lanes_zero_pick_current_algo_v1,ineligible,,-54.7211,net_pnl_pct,4.5015,spread_ask_bid,2.05,historical_spread_bid_ask,SELL,"Historical time exit reached after 13 calendar day(s), versus a 12-day limit.",0,,False,,2026-05-08,62.735,74.3,70.6,83.0195,1.5433,59.4805,1.7978,30.01,research_backfill_not_live_proof
395,closed,SPY,call,SPY260522C00737000,2026-05-22,2026-05-08T08:10:00-06:00,2026-05-18T13:55:00-06:00,swing,all_lanes_zero_pick_research_backfill,all_lanes_zero_pick_current_algo_v1,ineligible,,-22.827,net_pnl_pct,7.5155,spread_ask_bid,5.82,historical_spread_bid_ask,SELL,historical_backfill_time_exit_elapsed,0,,False,,2026-05-08,53.745,68.1,65.8,84.8226,1.7978,70.1774,1.7978,41.7528,research_backfill_not_live_proof
396,closed,NVDA,call,NVDA260529C00215000,2026-05-29,2026-05-11T08:10:00-06:00,2026-05-21T13:55:00-06:00,swing,all_lanes_zero_pick_research_backfill,all_lanes_zero_pick_current_algo_v1,ineligible,,-21.5156,net_pnl_pct,8.4725,spread_ask_bid,6.67,historical_spread_bid_ask,SELL,historical_backfill_time_exit_elapsed,0,,False,,2026-05-11,55.345,95.1,71.2,96.8411,8.4404,58.1589,2.3548,42.3625,research_backfill_not_live_proof
397,closed,XLK,call,XLK260529C00177000,2026-05-29,2026-05-11T08:10:00-06:00,2026-05-18T13:55:00-06:00,swing,all_lanes_zero_pick_research_backfill,all_lanes_zero_pick_current_algo_v1,ineligible,,-93.6896,net_pnl_pct,4.8865,spread_ask_bid,0.31,historical_spread_bid_ask,SELL,Historical executable exit hit the stop loss at -93.7%.,0,,False,,2026-05-11,92.605,94.9,75.7,96.4706,8.4327,51.4706,2.3548,54.2944,research_backfill_not_live_proof
398,closed,BA,call,BA260529C00240000,2026-05-29,2026-05-11T08:10:00-06:00,2026-05-15T13:55:00-06:00,swing,all_lanes_zero_pick_research_backfill,all_lanes_zero_pick_current_algo_v1,ineligible,,-90.8782,net_pnl_pct,5.565,spread_ask_bid,0.51,historical_spread_bid_ask,SELL,Historical executable exit hit the stop loss at -90.8%.,0,,False,,2026-05-11,54.205,93.9,69.4,98.0492,4.3891,56.9508,2.3548,27.825,research_backfill_not_live_proof
399,closed,IWM,call,IWM260529C00286000,2026-05-29,2026-05-11T08:10:00-06:00,2026-05-21T13:55:00-06:00,swing,all_lanes_zero_pick_research_backfill,all_lanes_zero_pick_current_algo_v1,ineligible,,-68.0996,net_pnl_pct,5.115,spread_ask_bid,1.64,historical_spread_bid_ask,SELL,historical_backfill_time_exit_elapsed,0,,False,,2026-05-11,78.685,85.3,77.6,96.8856,1.7509,51.8856,2.3548,39.3462,research_backfill_not_live_proof
400,closed,SPY,call,SPY260529C00739000,2026-05-29,2026-05-11T08:10:00-06:00,2026-05-21T13:55:00-06:00,swing,all_lanes_zero_pick_research_backfill,all_lanes_zero_pick_current_algo_v1,ineligible,,-16.8601,net_pnl_pct,9.019,spread_ask_bid,7.52,historical_spread_bid_ask,SELL,historical_backfill_time_exit_elapsed,0,,False,,2026-05-11,60.995,73.1,69.2,85.8708,2.3548,69.1292,2.3548,42.9476,research_backfill_not_live_proof
401,closed,QQQ,call,QQQ260529C00713000,2026-05-29,2026-05-11T08:10:00-06:00,2026-05-22T13:55:00-06:00,swing,all_lanes_zero_pick_research_backfill,all_lanes_zero_pick_current_algo_v1,ineligible,,-14.7509,net_pnl_pct,10.109,spread_ask_bid,8.64,historical_spread_bid_ask,SELL,"Historical time exit reached after 11 calendar day(s), versus a 10-day limit.",0,,False,,2026-05-11,58.82,71.6,69.5,81.423,5.5003,73.577,2.3548,45.95,research_backfill_not_live_proof
402,closed,TSLA,call,TSLA260529C00445000,2026-05-29,2026-05-12T08:10:00-06:00,2026-05-22T13:55:00-06:00,swing,all_lanes_zero_pick_research_backfill,all_lanes_zero_pick_current_algo_v1,ineligible,,-81.4149,net_pnl_pct,11.65,spread_ask_bid,2.17,historical_spread_bid_ask,SELL,"Historical time exit reached after 10 calendar day(s), versus a 9-day limit.",0,,False,,2026-05-12,59.62,99.6,83.6,99.5396,13.3729,55.4604,2.9651,29.125,research_backfill_not_live_proof
403,closed,XLK,call,XLK260529C00177000,2026-05-29,2026-05-12T08:10:00-06:00,2026-05-18T13:55:00-06:00,swing,all_lanes_zero_pick_research_backfill,all_lanes_zero_pick_current_algo_v1,ineligible,,-92.8719,net_pnl_pct,4.323,spread_ask_bid,0.31,historical_spread_bid_ask,SELL,Historical executable exit hit the stop loss at -92.8%.,0,,False,,2026-05-12,97.825,98.5,78.7,97.5667,9.7686,57.4333,2.9651,48.0333,research_backfill_not_live_proof
404,closed,NEM,call,NEM260529C00120000,2026-05-29,2026-05-12T08:10:00-06:00,2026-05-15T13:55:00-06:00,swing,all_lanes_zero_pick_research_backfill,all_lanes_zero_pick_current_algo_v1,ineligible,,-100.0,net_pnl_pct,4.6375,spread_ask_bid,0.0,historical_spread_bid_ask,SELL,Historical executable exit hit the stop loss at -100.0%.,0,,False,,2026-05-12,57.91,97.8,69.9,96.2043,11.3911,58.7957,2.9651,42.1591,research_backfill_not_live_proof
405,closed,IWM,call,IWM260529C00285000,2026-05-29,2026-05-12T08:10:00-06:00,2026-05-19T13:55:00-06:00,swing,all_lanes_zero_pick_research_backfill,all_lanes_zero_pick_current_algo_v1,ineligible,,-90.8966,net_pnl_pct,3.599,spread_ask_bid,0.33,historical_spread_bid_ask,SELL,Historical executable exit hit the stop loss at -90.8%.,0,,False,,2026-05-12,87.53,91.4,84.7,97.2812,2.681,52.2812,2.9651,29.9917,research_backfill_not_live_proof
406,closed,SPY,call,SPY260529C00739000,2026-05-29,2026-05-12T08:10:00-06:00,2026-05-21T13:55:00-06:00,swing,all_lanes_zero_pick_research_backfill,all_lanes_zero_pick_current_algo_v1,ineligible,,-2.5149,net_pnl_pct,7.688,spread_ask_bid,7.52,historical_spread_bid_ask,SELL,historical_backfill_time_exit_elapsed,0,,False,,2026-05-12,80.715,86.7,73.6,87.1035,2.9651,67.8965,2.9651,36.6095,research_backfill_not_live_proof
408,closed,QQQ,call,QQQ260526C00710000,2026-05-26,2026-05-12T08:10:00-06:00,2026-05-20T13:55:00-06:00,swing,all_lanes_zero_pick_research_backfill,all_lanes_zero_pick_current_algo_v1,ineligible,,-6.6905,net_pnl_pct,8.0975,spread_ask_bid,7.58,historical_spread_bid_ask,SELL,historical_backfill_time_exit_elapsed,0,,False,,2026-05-12,62.3,74.0,76.8,80.2946,6.0055,74.7054,2.9651,40.4875,research_backfill_not_live_proof
409,closed,COIN,call,COIN260529C00210000,2026-05-29,2026-05-13T08:10:00-06:00,2026-05-22T13:55:00-06:00,swing,all_lanes_zero_pick_research_backfill,all_lanes_zero_pick_current_algo_v1,ineligible,,-93.1376,net_pnl_pct,6.24,spread_ask_bid,0.43,historical_spread_bid_ask,SELL,historical_backfill_time_exit_elapsed,0,,False,,2026-05-13,54.68,94.4,87.1,98.9864,5.0013,53.9864,1.991,31.2,research_backfill_not_live_proof
417,closed,XLK,call,XLK260605C00178000,2026-06-05,2026-05-14T08:10:00-06:00,2026-05-18T13:55:00-06:00,swing,all_lanes_zero_pick_research_backfill,all_lanes_zero_pick_current_algo_v1,ineligible,,-100.0,net_pnl_pct,5.683,spread_ask_bid,0.0,historical_spread_bid_ask,SELL,Historical executable exit hit the stop loss at -100.0%.,0,,False,,2026-05-14,81.73,87.4,80.6,99.315,4.0111,55.685,1.1556,63.1444,research_backfill_not_live_proof
418,closed,QQQ,call,QQQ260529C00716000,2026-05-29,2026-05-14T08:10:00-06:00,2026-05-22T13:55:00-06:00,swing,all_lanes_zero_pick_research_backfill,all_lanes_zero_pick_current_algo_v1,ineligible,,-29.7943,net_pnl_pct,10.4005,spread_ask_bid,7.32,historical_spread_bid_ask,SELL,historical_backfill_time_exit_elapsed,0,,False,,2026-05-14,66.36,76.8,82.2,87.0582,2.7222,67.9418,1.1556,45.2196,research_backfill_not_live_proof
420,closed,XLK,call,XLK260605C00177000,2026-06-05,2026-05-15T08:10:00-06:00,2026-05-18T13:55:00-06:00,swing,all_lanes_zero_pick_research_backfill,all_lanes_zero_pick_current_algo_v1,ineligible,,-94.7374,net_pnl_pct,4.5345,spread_ask_bid,0.24,historical_spread_bid_ask,SELL,Historical executable exit hit the stop loss at -94.7%.,0,,False,,2026-05-15,93.91,95.8,80.6,99.0338,5.7811,55.9662,2.2677,50.3833,research_backfill_not_live_proof
429,closed,XLK,call,XLK260605C00178000,2026-06-05,2026-05-18T08:10:00-06:00,2026-05-18T13:55:00-06:00,swing,all_lanes_zero_pick_research_backfill,all_lanes_zero_pick_current_algo_v1,ineligible,,-100.0,net_pnl_pct,4.5415,spread_ask_bid,0.0,historical_spread_bid_ask,SELL,Historical executable exit hit the stop loss at -100.0%.,0,,False,,2026-05-18,47.8,64.0,79.3,86.8126,0.4216,54.3126,0.2101,50.4611,research_backfill_not_live_proof
430,closed,WMT,call,WMT260612C00134000,2026-06-12,2026-05-19T08:10:00-06:00,2026-05-21T13:55:00-06:00,swing,all_lanes_zero_pick_research_backfill,all_lanes_zero_pick_current_algo_v1,ineligible,,-99.2941,net_pnl_pct,4.224,spread_ask_bid,0.03,historical_spread_bid_ask,SELL,Historical executable exit hit the stop loss at -99.3%.,1,,False,,2026-05-19,41.95,81.0,68.7,95.4126,4.5066,50.4126,-0.0879,46.9333,research_backfill_not_live_proof
432,closed,WMT,call,WMT260612C00134000,2026-06-12,2026-05-20T08:10:00-06:00,2026-05-21T13:55:00-06:00,swing,all_lanes_zero_pick_research_backfill,all_lanes_zero_pick_current_algo_v1,ineligible,,-100.0,net_pnl_pct,2.845,spread_ask_bid,0.0,historical_spread_bid_ask,SELL,Historical executable exit hit the stop loss at -100.0%.,1,,False,,2026-05-20,35.395,74.1,75.8,96.7871,2.9536,51.7871,-0.6028,40.6429,research_backfill_not_live_proof
434,open,AMT,call,AMT260618C00185000,2026-06-18,2026-05-21T08:10:00-06:00,,swing,all_lanes_zero_pick_research_backfill,all_lanes_zero_pick_current_algo_v1,ineligible,,-25.6057,net_pnl_pct,4.9475,spread_ask_bid,3.7,spread_bid_ask,HOLD,"Position remains inside the stop, target, and exit rules.",1,2026-05-31T13:09:18.460821-06:00,False,-25.6057,2026-05-21,45.085,84.3,66.9,98.6527,5.8377,56.3473,-0.1428,32.9833,research_backfill_not_live_proof
437,open,AMT,call,AMT260618C00185000,2026-06-18,2026-05-22T08:10:00-06:00,,swing,all_lanes_zero_pick_research_backfill,all_lanes_zero_pick_current_algo_v1,ineligible,,-24.2734,net_pnl_pct,4.86,spread_ask_bid,3.7,spread_bid_ask,HOLD,"Position remains inside the stop, target, and exit rules.",1,2026-05-31T13:09:15.127701-06:00,False,-24.2734,2026-05-22,40.62,79.6,68.0,96.9046,7.7889,51.9046,-0.7284,32.4,research_backfill_not_live_proof
438,open,V,call,V260618C00332500,2026-06-18,2026-05-22T08:10:00-06:00,,swing,all_lanes_zero_pick_research_backfill,all_lanes_zero_pick_current_algo_v1,ineligible,,-60.6317,net_pnl_pct,8.8555,spread_ask_bid,3.4965,spread_bid_ask,HOLD,"Position remains inside the stop, target, and exit rules.",1,2026-05-31T13:09:12.764279-06:00,False,-60.6317,2026-05-22,33.495,72.1,61.5,95.9967,2.6665,50.9967,-0.7284,32.2018,research_backfill_not_live_proof
439,open,DIA,call,DIA260612C00509000,2026-06-12,2026-05-22T08:10:00-06:00,,swing,all_lanes_zero_pick_research_backfill,all_lanes_zero_pick_current_algo_v1,ineligible,,-3.7555,net_pnl_pct,5.193,spread_ask_bid,5.023,spread_bid_ask,HOLD,"Position remains inside the stop, target, and exit rules.",1,2026-05-31T13:09:10.430347-06:00,False,-3.7555,2026-05-22,46.93,63.4,81.2,92.048,0.4613,47.048,-0.7284,32.4562,research_backfill_not_live_proof
447,closed,NFLX,call,NFLX260501C00104000,2026-05-01,2026-04-14T08:10:00-06:00,2026-04-17T13:55:00-06:00,bullish_momentum,all_lanes_zero_pick_research_backfill,all_lanes_zero_pick_current_algo_v1,ineligible,,-91.8017,net_pnl_pct,2.5355,spread_ask_bid,0.21,historical_spread_bid_ask,SELL,Historical executable exit hit the stop loss at -91.7%.,0,,False,,2026-04-14,54.3,94.0,82.5,92.9787,4.2758,62.0213,4.1234,50.71,research_backfill_not_live_proof
449,closed,NFLX,call,NFLX260501C00106000,2026-05-01,2026-04-15T08:10:00-06:00,2026-04-17T13:55:00-06:00,bullish_momentum,all_lanes_zero_pick_research_backfill,all_lanes_zero_pick_current_algo_v1,ineligible,,-94.0719,net_pnl_pct,2.673,spread_ask_bid,0.16,historical_spread_bid_ask,SELL,Historical executable exit hit the stop loss at -94.0%.,0,,False,,2026-04-15,57.53,97.4,80.5,95.3602,7.5491,59.6398,5.3457,44.55,research_backfill_not_live_proof
458,closed,PFE,call,PFE260508C00027500,2026-05-08,2026-04-21T08:10:00-06:00,2026-04-29T13:55:00-06:00,bullish_momentum,all_lanes_zero_pick_research_backfill,all_lanes_zero_pick_current_algo_v1,ineligible,,-94.8718,net_pnl_pct,0.559,spread_ask_bid,0.03,historical_spread_bid_ask,SELL,Historical executable exit hit the stop loss at -94.6%.,0,,False,,2026-04-21,44.04,83.2,84.4,93.0489,0.6584,48.0489,3.2969,37.2667,research_backfill_not_live_proof
460,closed,MSTR,call,MSTR260501C00177500,2026-05-01,2026-04-22T08:10:00-06:00,2026-04-27T13:55:00-06:00,bullish_momentum,all_lanes_zero_pick_research_backfill,all_lanes_zero_pick_current_algo_v1,ineligible,,-71.053,net_pnl_pct,6.745,spread_ask_bid,1.96,historical_spread_bid_ask,SELL,historical_backfill_time_exit_elapsed,0,,False,,2026-04-22,38.34,77.2,74.6,83.1223,19.329,71.8777,1.3852,44.9667,research_backfill_not_live_proof
462,closed,JPM,call,JPM260508C00315000,2026-05-08,2026-04-23T08:10:00-06:00,2026-05-01T13:55:00-06:00,bullish_momentum,all_lanes_zero_pick_research_backfill,all_lanes_zero_pick_current_algo_v1,ineligible,,-49.243,net_pnl_pct,5.6875,spread_ask_bid,2.9,historical_spread_bid_ask,SELL,historical_backfill_time_exit_elapsed,0,,False,,2026-04-23,44.42,83.6,71.6,97.3384,2.3175,57.6616,1.6101,37.9167,research_backfill_not_live_proof
463,closed,WMT,call,WMT260508C00132000,2026-05-08,2026-04-24T08:10:00-06:00,2026-05-04T13:55:00-06:00,bullish_momentum,all_lanes_zero_pick_research_backfill,all_lanes_zero_pick_current_algo_v1,ineligible,,-67.1088,net_pnl_pct,1.859,spread_ask_bid,0.62,historical_spread_bid_ask,SELL,historical_backfill_time_exit_elapsed,0,,False,,2026-04-24,41.76,80.8,70.1,83.6153,5.7763,38.6153,0.9677,26.5571,research_backfill_not_live_proof
464,closed,AMD,call,AMD260508C00340000,2026-05-08,2026-04-24T08:10:00-06:00,2026-05-04T13:55:00-06:00,bullish_momentum,all_lanes_zero_pick_research_backfill,all_lanes_zero_pick_current_algo_v1,ineligible,,-29.835,net_pnl_pct,15.1525,spread_ask_bid,10.65,historical_spread_bid_ask,SELL,historical_backfill_time_exit_elapsed,0,,False,,2026-04-24,40.81,79.8,74.3,86.6244,9.7283,68.3756,0.9677,46.6231,research_backfill_not_live_proof
465,closed,NVDA,call,NVDA260511C00210000,2026-05-11,2026-04-27T08:10:00-06:00,2026-05-04T13:55:00-06:00,bullish_momentum,all_lanes_zero_pick_research_backfill,all_lanes_zero_pick_current_algo_v1,ineligible,,-92.6173,net_pnl_pct,5.663,spread_ask_bid,0.42,historical_spread_bid_ask,SELL,Historical executable exit hit the stop loss at -92.6%.,0,,False,,2026-04-27,41.95,81.0,74.4,97.2989,3.2676,57.7011,0.5351,37.7533,research_backfill_not_live_proof
467,closed,NVDA,call,NVDA260511C00210000,2026-05-11,2026-04-28T08:10:00-06:00,2026-05-04T13:55:00-06:00,bullish_momentum,all_lanes_zero_pick_research_backfill,all_lanes_zero_pick_current_algo_v1,ineligible,,-93.8108,net_pnl_pct,6.76,spread_ask_bid,0.42,historical_spread_bid_ask,SELL,Historical executable exit hit the stop loss at -93.8%.,0,,False,,2026-04-28,45.37,84.6,72.2,91.0337,7.2008,63.9663,0.9101,45.0667,research_backfill_not_live_proof
469,closed,NVDA,call,NVDA260515C00215000,2026-05-15,2026-04-29T08:10:00-06:00,2026-05-05T13:55:00-06:00,bullish_momentum,all_lanes_zero_pick_research_backfill,all_lanes_zero_pick_current_algo_v1,ineligible,,-91.5769,net_pnl_pct,4.0105,spread_ask_bid,0.34,historical_spread_bid_ask,SELL,Historical executable exit hit the stop loss at -91.5%.,0,,False,,2026-04-29,41.38,80.4,71.7,86.6285,6.649,68.3715,1.0808,26.7367,research_backfill_not_live_proof
471,closed,SLB,call,SLB260515C00057000,2026-05-15,2026-05-01T08:10:00-06:00,2026-05-07T13:55:00-06:00,bullish_momentum,all_lanes_zero_pick_research_backfill,all_lanes_zero_pick_current_algo_v1,ineligible,,-96.3689,net_pnl_pct,1.351,spread_ask_bid,0.05,historical_spread_bid_ask,SELL,Historical executable exit hit the stop loss at -96.3%.,0,,False,,2026-05-01,49.17,88.6,70.5,99.2867,3.9094,55.7133,1.4412,33.775,research_backfill_not_live_proof
472,closed,BAC,call,BAC260515C00054000,2026-05-15,2026-05-01T08:10:00-06:00,2026-05-08T13:55:00-06:00,bullish_momentum,all_lanes_zero_pick_research_backfill,all_lanes_zero_pick_current_algo_v1,ineligible,,-97.5031,net_pnl_pct,0.775,spread_ask_bid,0.02,historical_spread_bid_ask,SELL,Historical executable exit hit the stop loss at -97.4%.,0,,False,,2026-05-01,39.86,78.8,79.7,92.5819,1.8868,47.5819,1.4412,38.75,research_backfill_not_live_proof
474,closed,SLB,call,SLB260515C00057000,2026-05-15,2026-05-04T08:10:00-06:00,2026-05-07T13:55:00-06:00,bullish_momentum,all_lanes_zero_pick_research_backfill,all_lanes_zero_pick_current_algo_v1,ineligible,,-96.5577,net_pnl_pct,1.136,spread_ask_bid,0.04,historical_spread_bid_ask,SELL,Historical executable exit hit the stop loss at -96.5%.,0,,False,,2026-05-04,38.815,77.7,74.6,97.9882,1.3713,57.0118,0.9399,37.8667,research_backfill_not_live_proof
476,closed,WMT,call,WMT260522C00131000,2026-05-22,2026-05-06T08:10:00-06:00,2026-05-15T13:55:00-06:00,bullish_momentum,all_lanes_zero_pick_research_backfill,all_lanes_zero_pick_current_algo_v1,ineligible,,-30.8862,net_pnl_pct,2.998,spread_ask_bid,2.09,historical_spread_bid_ask,SELL,historical_backfill_time_exit_elapsed,0,,False,,2026-05-06,45.94,85.2,70.1,98.4088,2.508,53.4088,1.6974,42.8286,research_backfill_not_live_proof
480,closed,TSLA,call,TSLA260522C00420000,2026-05-22,2026-05-08T08:10:00-06:00,2026-05-18T13:55:00-06:00,bullish_momentum,all_lanes_zero_pick_research_backfill,all_lanes_zero_pick_current_algo_v1,ineligible,,-71.0353,net_pnl_pct,14.6125,spread_ask_bid,4.24,historical_spread_bid_ask,SELL,historical_backfill_time_exit_elapsed,0,,False,,2026-05-08,40.525,79.5,77.8,73.6984,7.9029,48.6984,1.7978,38.9667,research_backfill_not_live_proof
481,closed,COIN,call,COIN260522C00202500,2026-05-22,2026-05-11T08:10:00-06:00,2026-05-18T13:55:00-06:00,bullish_momentum,all_lanes_zero_pick_research_backfill,all_lanes_zero_pick_current_algo_v1,ineligible,,-82.7718,net_pnl_pct,9.145,spread_ask_bid,1.58,historical_spread_bid_ask,SELL,historical_backfill_time_exit_elapsed,0,,False,,2026-05-11,50.5,90.0,82.5,87.6675,5.1817,42.6675,2.3548,45.725,research_backfill_not_live_proof
482,closed,TSLA,call,TSLA260526C00425000,2026-05-26,2026-05-11T08:10:00-06:00,2026-05-19T13:55:00-06:00,bullish_momentum,all_lanes_zero_pick_research_backfill,all_lanes_zero_pick_current_algo_v1,ineligible,,-80.8043,net_pnl_pct,11.2265,spread_ask_bid,2.16,historical_spread_bid_ask,SELL,historical_backfill_time_exit_elapsed,0,,False,,2026-05-11,43.565,82.7,78.2,74.4034,9.6029,49.4034,2.3548,28.0662,research_backfill_not_live_proof
483,closed,TSLA,call,TSLA260526C00445000,2026-05-26,2026-05-12T08:10:00-06:00,2026-05-21T13:55:00-06:00,bullish_momentum,all_lanes_zero_pick_research_backfill,all_lanes_zero_pick_current_algo_v1,ineligible,,-95.6383,net_pnl_pct,11.4375,spread_ask_bid,0.5,historical_spread_bid_ask,SELL,Historical executable exit hit the stop loss at -95.6%.,0,,False,,2026-05-12,59.62,99.6,78.6,99.5396,13.3729,55.4604,2.9651,30.5,research_backfill_not_live_proof
485,closed,COIN,call,COIN260522C00207500,2026-05-22,2026-05-13T08:10:00-06:00,2026-05-18T13:55:00-06:00,bullish_momentum,all_lanes_zero_pick_research_backfill,all_lanes_zero_pick_current_algo_v1,ineligible,,-82.8176,net_pnl_pct,5.6775,spread_ask_bid,0.98,historical_spread_bid_ask,SELL,historical_backfill_time_exit_elapsed,0,,False,,2026-05-13,54.68,94.4,82.0,98.9864,5.0013,53.9864,1.991,28.3875,research_backfill_not_live_proof
486,closed,NVDA,call,NVDA260526C00225000,2026-05-26,2026-05-13T08:10:00-06:00,2026-05-20T13:55:00-06:00,bullish_momentum,all_lanes_zero_pick_research_backfill,all_lanes_zero_pick_current_algo_v1,ineligible,,-30.0866,net_pnl_pct,6.2675,spread_ask_bid,4.4,historical_spread_bid_ask,SELL,historical_backfill_time_exit_elapsed,0,,False,,2026-05-13,53.635,93.3,70.9,96.8791,12.3562,58.1209,1.991,35.8143,research_backfill_not_live_proof
488,closed,NVDA,call,NVDA260526C00230000,2026-05-26,2026-05-14T08:10:00-06:00,2026-05-21T13:55:00-06:00,bullish_momentum,all_lanes_zero_pick_research_backfill,all_lanes_zero_pick_current_algo_v1,ineligible,,-92.212,net_pnl_pct,6.5225,spread_ask_bid,0.51,historical_spread_bid_ask,SELL,historical_backfill_time_exit_elapsed,0,,False,,2026-05-14,50.025,89.5,76.3,97.6242,8.6609,57.3758,1.1556,43.4833,research_backfill_not_live_proof
489,closed,NVDA,call,NVDA260529C00230000,2026-05-29,2026-05-15T08:10:00-06:00,2026-05-22T13:55:00-06:00,bullish_momentum,all_lanes_zero_pick_research_backfill,all_lanes_zero_pick_current_algo_v1,ineligible,,-90.6439,net_pnl_pct,5.8525,spread_ask_bid,0.55,historical_spread_bid_ask,SELL,Historical executable exit hit the stop loss at -90.6%.,0,,False,,2026-05-15,56.01,95.8,72.4,98.8982,11.461,56.1018,2.2677,33.4429,research_backfill_not_live_proof
490,closed,COIN,call,COIN260522C00207500,2026-05-22,2026-05-15T08:10:00-06:00,2026-05-19T13:55:00-06:00,bullish_momentum,all_lanes_zero_pick_research_backfill,all_lanes_zero_pick_current_algo_v1,ineligible,,-71.4211,net_pnl_pct,3.788,spread_ask_bid,1.09,historical_spread_bid_ask,SELL,historical_backfill_time_exit_elapsed,0,,False,,2026-05-15,55.06,94.8,83.6,97.1493,9.8725,52.1493,2.2677,21.6457,research_backfill_not_live_proof
497,closed,GOOGL,call,GOOGL260605C00390000,2026-06-05,2026-05-01T08:10:00-06:00,2026-05-20T13:55:00-06:00,tracked_winner_observation,all_lanes_zero_pick_research_backfill,all_lanes_zero_pick_current_algo_v1,ineligible,,-27.5839,net_pnl_pct,11.0765,spread_ask_bid,8.04,historical_spread_bid_ask,SELL,historical_backfill_time_exit_elapsed,0,,False,,2026-05-01,38.055,76.9,57.7,82.7554,13.5472,72.2446,1.4412,31.6471,research_backfill_not_live_proof
498,closed,DIA,call,DIA260529C00501000,2026-05-29,2026-05-01T08:10:00-06:00,2026-05-18T13:55:00-06:00,tracked_winner_observation,all_lanes_zero_pick_research_backfill,all_lanes_zero_pick_current_algo_v1,ineligible,,-56.6516,net_pnl_pct,7.1715,spread_ask_bid,3.12,historical_spread_bid_ask,SELL,historical_backfill_time_exit_elapsed,0,,False,,2026-05-01,60.415,72.7,60.7,87.7158,0.7404,67.2842,1.4412,29.8812,research_backfill_not_live_proof
501,closed,GOOGL,call,GOOGL260605C00395000,2026-06-05,2026-05-04T08:10:00-06:00,2026-05-22T13:55:00-06:00,tracked_winner_observation,all_lanes_zero_pick_research_backfill,all_lanes_zero_pick_current_algo_v1,ineligible,,-64.3196,net_pnl_pct,8.9425,spread_ask_bid,3.2,historical_spread_bid_ask,SELL,historical_backfill_time_exit_elapsed,0,,False,,2026-05-04,26.655,64.9,57.7,75.7253,11.989,79.2747,0.9399,25.55,research_backfill_not_live_proof
504,closed,GOOGL,call,GOOGL260605C00400000,2026-06-05,2026-05-06T08:10:00-06:00,2026-05-22T13:55:00-06:00,tracked_winner_observation,all_lanes_zero_pick_research_backfill,all_lanes_zero_pick_current_algo_v1,ineligible,,-80.4505,net_pnl_pct,11.074,spread_ask_bid,2.17,historical_spread_bid_ask,SELL,historical_backfill_time_exit_elapsed,0,,False,,2026-05-06,32.45,71.0,57.6,77.41,11.0498,77.59,1.6974,31.64,research_backfill_not_live_proof
519,open,SPY,call,SPY260618C00751000,2026-06-18,2026-05-13T08:10:00-06:00,,tracked_winner_observation,all_lanes_zero_pick_research_backfill,all_lanes_zero_pick_current_algo_v1,ineligible,,-8.9193,net_pnl_pct,4.795,spread_ask_bid,4.391,spread_bid_ask,HOLD,"Position remains inside the stop, target, and exit rules.",1,2026-05-31T13:09:33.748092-06:00,False,-8.9193,2026-05-13,56.355,69.9,69.6,85.3365,1.991,69.6635,1.991,39.9583,research_backfill_not_live_proof
521,open,GOOGL,call,GOOGL260618C00405000,2026-06-18,2026-05-14T08:10:00-06:00,,tracked_winner_observation,all_lanes_zero_pick_research_backfill,all_lanes_zero_pick_current_algo_v1,ineligible,,-81.9462,net_pnl_pct,10.98,spread_ask_bid,1.987,spread_bid_ask,HOLD,"Position remains inside the stop, target, and exit rules.",1,2026-05-31T13:09:32.172849-06:00,False,-81.9462,2026-05-14,23.235,61.3,58.4,80.7883,1.1506,74.2117,1.1556,31.3714,research_backfill_not_live_proof
525,open,GOOGL,call,GOOGL260618C00405000,2026-06-18,2026-05-15T08:10:00-06:00,,tracked_winner_observation,all_lanes_zero_pick_research_backfill,all_lanes_zero_pick_current_algo_v1,ineligible,,-82.6818,net_pnl_pct,11.4475,spread_ask_bid,1.987,spread_bid_ask,HOLD,"Position remains inside the stop, target, and exit rules.",1,2026-05-31T13:09:23.927871-06:00,False,-82.6818,2026-05-15,22.475,60.5,58.5,69.5172,0.7739,72.9828,2.2677,32.7071,research_backfill_not_live_proof
527,closed,IWM,call,IWM260519C00286000,2026-05-19,2026-05-06T08:10:00-06:00,2026-05-13T13:55:00-06:00,volatility_expansion_observation,all_lanes_zero_pick_research_backfill,all_lanes_zero_pick_current_algo_v1,ineligible,,-59.9754,net_pnl_pct,3.222,spread_ask_bid,1.3,historical_spread_bid_ask,SELL,historical_backfill_time_exit_elapsed,0,,False,,2026-05-06,79.555,85.9,71.8,96.2563,3.158,51.2563,1.6974,29.2909,research_backfill_not_live_proof
528,closed,IWM,call,IWM260521C00288000,2026-05-21,2026-05-07T08:10:00-06:00,2026-05-15T13:55:00-06:00,volatility_expansion_observation,all_lanes_zero_pick_research_backfill,all_lanes_zero_pick_current_algo_v1,ineligible,,-95.538,net_pnl_pct,2.8875,spread_ask_bid,0.13,historical_spread_bid_ask,SELL,historical_backfill_time_exit_elapsed,0,,False,,2026-05-07,99.275,99.5,70.0,99.0785,5.4102,55.9215,3.1268,24.0625,research_backfill_not_live_proof
529,closed,QQQ,call,QQQ260526C00712000,2026-05-26,2026-05-13T08:10:00-06:00,2026-05-22T13:55:00-06:00,volatility_expansion_observation,all_lanes_zero_pick_research_backfill,all_lanes_zero_pick_current_algo_v1,ineligible,,-5.8884,net_pnl_pct,7.7095,spread_ask_bid,7.28,historical_spread_bid_ask,SELL,"Historical time exit reached after 9 calendar day(s), versus a 7-day limit.",0,,False,,2026-05-13,51.715,66.7,70.8,82.6853,3.7602,72.3147,1.991,35.0432,research_backfill_not_live_proof
530,closed,QQQ,call,QQQ260528C00716000,2026-05-28,2026-05-14T08:10:00-06:00,2026-05-22T13:55:00-06:00,volatility_expansion_observation,all_lanes_zero_pick_research_backfill,all_lanes_zero_pick_current_algo_v1,ineligible,,-34.2756,net_pnl_pct,9.879,spread_ask_bid,6.51,historical_spread_bid_ask,SELL,historical_backfill_time_exit_elapsed,0,,False,,2026-05-14,66.36,76.8,76.5,87.0582,2.7222,67.9418,1.1556,44.9045,research_backfill_not_live_proof
531,closed,SPY,call,SPY260528C00745000,2026-05-28,2026-05-14T08:10:00-06:00,2026-05-22T13:55:00-06:00,volatility_expansion_observation,all_lanes_zero_pick_research_backfill,all_lanes_zero_pick_current_algo_v1,ineligible,,-38.1813,net_pnl_pct,7.221,spread_ask_bid,4.48,historical_spread_bid_ask,SELL,historical_backfill_time_exit_elapsed,0,,False,,2026-05-14,45.915,62.7,79.1,84.5288,1.1556,70.4712,1.1556,45.1313,research_backfill_not_live_proof
